0.005,0.000100651349308989,-3.14159264649488
0.00504981350745022,0.000102666921174487,-3.14159264651949
0.00510012329200534,0.000104722883971008,-3.14159264654664
0.00515093429792601,0.000106819992232284,-3.14159264657228
0.00520225151873108,0.000108959097035367,-3.14159264659842
0.00525407999768832,0.000111141039466917,-3.14159264668971
0.0053064248283101,0.000113366677435563,-3.14159264671757
0.00535929115485391,0.000115636916781105,-3.14159264668208
0.00541268417282796,0.000117952589592942,-3.14159264677501
0.00546660912950173,0.000120314636212836,-3.14159264680459
0.0055210713244217,0.000122724018015033,-3.14159264677075
0.00557607610993216,0.000125181618087016,-3.14159264686553
0.00563162889170118,0.000127688468101918,-3.14159264683339
0.00568773512925191,0.000130245487400606,-3.14159264686477
0.00574440033649908,0.000132853714105736,-3.14159264696161
0.00580163008229093,0.000135514209648221,-3.14159264693112
0.00585942999095646,0.000138227949494954,-3.14159264696448
0.00591780574285817,0.000140996072640242,-3.14159264700005
0.00597676307495033,0.000143819594408335,-3.14159264703479
0.00603630778134278,0.000146699699546238,-3.1415926470717
0.00609644571387033,0.000149637444747977,-3.14159264710786
0.00615718278266788,0.000152634022536373,-3.14159264714475
0.00621852495675124,0.000155690611221276,-3.14159264724759
0.00628047826460374,0.000158808455065484,-3.14159264722224
0.0063430487947687,0.00016198869662483,-3.14159264732647
0.00640624269644776,0.000165232671554,-3.14159264733495
0.00647006618010524,0.000168541568802818,-3.14159264740854
0.00653452551807846,0.000171916777944204,-3.14159264741868
0.00659962704519415,0.000175359582306498,-3.14159264746211
0.00666537715939105,0.000178871289139022,-3.14159264750578
0.00673178232234862,0.000182453372244342,-3.14159264755093
0.00679884906012213,0.00018610714554441,-3.14159264759637
0.006866583963784,0.000189834092511969,-3.14159264767523
0.0069349936900715,0.000193635730315428,-3.14159264769062
0.00700408496204102,0.000197513504511596,-3.14159264773944
0.00707386456972874,0.000201468887255077,-3.14159264778867
0.00714433937081795,0.000205503484671838,-3.1415926478715
0.00721551629131298,0.00020961893948581,-3.14159264789066
0.00728740232621988,0.000213816816436689,-3.14159264794346
0.00736000454023386,0.000218098766471605,-3.14159264799729
0.00743333006843358,0.000222466415173321,-3.14159264805168
0.00750738611698235,0.000226921596315337,-3.14159264810767
0.00758217996383635,0.000231465943379488,-3.14159264816428
0.00765771895945984,0.000236101364884834,-3.14159264822251
0.00773401052754759,0.000240829559849604,-3.14159264834666
0.00781106216575441,0.000245652514656813,-3.141592648342
0.007888881446432,0.000250572063257941,-3.14159264840377
0.00796747601737315,0.00025559014054582,-3.14159264846677
0.00804685360256332,0.000260708651161175,-3.14159264859563
0.00812702200293975,0.000265929745171052,-3.1415926485961
0.00820798909715805,0.000271255408227587,-3.14159264866293
0.00828976284236658,0.000276687735013942,-3.14159264873109
0.00837235127498833,0.000282228862192137,-3.1415926488006
0.00845576251151083,0.000287880969238279,-3.14159264880732
0.00854000474928372,0.00029364620181378,-3.14159264894341
0.00862508626732439,0.000299526981184959,-3.14159264901716
0.00871101542713163,0.000305525544369035,-3.14159264909237
0.00879780067350731,0.000311644250872202,-3.1415926491691
0.00888545053538637,0.000317885507457262,-3.14159264924735
0.00897397362667498,0.000324251769144888,-3.14159264929496
0.00906337864709707,0.000330745452528306,-3.14159264940822
0.00915367438304934,0.000337369374841515,-3.14159264945943
0.00924486970846472,0.000344125878835391,-3.14159264954413
0.0093369735856845,0.000351017709929124,-3.14159264963051
0.00942999506633911,0.000358047579184904,-3.1415926497186
0.00952394329223763,0.000365218155314405,-3.14159264984031
0.0096188274962663,0.000372532549258838,-3.1415926499001
0.00971465700329583,0.000379993348284801,-3.14159264999357
0.00981144123109783,0.000387603584112201,-3.14159265008891
0.00990918969127037,0.000395366250623633,-3.14159265018615
0.0100079119901727,0.000403284401700556,-3.14159265034997
0.0101076178298694,0.000411361152403358,-3.14159265045122
0.0102083170090839,0.000419599680273819,-3.14159265055451
0.0103100194241611,0.000428003339873406,-3.14159265059547
0.0104127350700406,0.000436575213173155,-3.14159265070282
0.0105164740412383,0.000445318783572503,-3.14159265081232
0.010621246532839,0.00045423749113927,-3.1415926509888
0.0107270628414978,0.000463334967669097,-3.14159265103842
0.0108339333664526,0.000472614549754695,-3.14159265115462
0.0109418686105456,0.000482080008603969,-3.14159265133793
0.0110508791812558,0.00049173506853873,-3.14159265145901
0.0111609757917411,0.000501583661916813,-3.14159265151783
0.0112721692618919,0.000511629400242785,-3.14159265170851
0.0113844705193934,0.000521876505388434,-3.1415926518047
0.0114978906008003,0.000532328735374679,-3.14159265196812
0.0116124406526212,0.000542990482933565,-3.14159265206952
0.0117281319324142,0.000553865805067268,-3.14159265220603
0.0118449758098927,0.000564958832258861,-3.14159265234506
0.0119629837680434,0.000576274226104924,-3.14159265248708
0.0120821674042547,0.000587816137369901,-3.14159265263175
0.012202538431456,0.000599589416938961,-3.14159265277952
0.0123241086792694,0.000611598545452608,-3.14159265293024
0.0124468900951718,0.000623848249375219,-3.14159265301946
0.0125708947456694,0.00063634334995673,-3.14159265317634
0.0126961348174833,0.000649088593454056,-3.14159265340059
0.0128226226187472,0.000662089336471552,-3.14159265356376
0.0129503705802173,0.000675350527749594,3.14159265344939
0.0130793912564934,0.000688877387105713,3.14159265327961
0.0132096973272534,0.000702675239043908,3.14159265310643
0.0133413015984986,0.000716749514891357,3.14159265289745
0.0134742170038131,0.000731105754916282,3.14159265271724
0.0136084566056342,0.000745749610508777,3.14159265253342
0.0137440335965363,0.000760686846437522,3.1415926523459
0.0138809613005278,0.000775923548600304,3.14159265221912
0.0140192531743598,0.000791465098951854,3.14159265195947
0.0141589228088493,0.000807318446920973,3.14159265182507
0.0142999839302144,0.000823489204561735,3.1415926516221
0.0144424504014236,0.000839984171048043,3.14159265141479
0.0145863362235577,0.000856809400415399,3.14159265117126
0.0147316555371864,0.00087397173537507,3.14159265092336
0.0148784226237576,0.000891478170290175,3.14159265073581
0.0150266519070008,0.000909335130450365,3.14159265047916
0.015176357954345,0.000927550125403773,3.1415926502827
0.0153275554783502,0.000946130091748098,3.14159265004924
0.0154802593381531,0.000965082090905366,3.14159264981121
0.0156344845409276,0.000984414093495153,3.14159264956827
0.0157902462433596,0.00100413346238923,3.14159264932046
0.0159475597531365,0.00102424796427131,3.14159264906767
0.0161064405304516,0.00104476552175397,3.14159264880979
0.0162669041895237,0.00106569421646998,3.14159264857908
0.016428966500131,0.00108704229228943,3.14159264831074
0.0165926433891618,0.001108818158603,3.14159264803702
0.0167579509421787,0.00113103039365905,3.14159264769303
0.0169249054050005,0.0011536877479279,3.14159264740815
0.0170935231852977,0.001176799459768,3.1415926471822
0.017263820854206,0.00120037401682093,3.1415926468858
0.017435815147954,0.00122442101314867,3.14159264651861
0.0176095229695087,0.00124895025521766,3.14159264624244
0.017784961390236,0.00127397108991643,3.14159264592766
0.0179621476515789,0.00129949303274541,3.14159264560663
0.0181410991667516,0.00132552682362631,3.14159264527904
0.0183218335224513,0.00135208238459925,3.14159264494487
0.0185043684805857,0.00137916981586238,3.14159264460404
0.0186887219800196,0.00140680089129596,3.14159264428853
0.018874912138337,0.00143498502349691,3.14159264386908
0.019062957253622,0.00146373482997661,3.14159264357185
0.0192528758062573,0.00149306050164246,3.14159264320266
0.01944468646074,0.00152297397981754,3.14159264276125
0.0196384080675158,0.00155348746952806,3.14159264240933
0.0198340596648322,0.00158461218538603,3.14159264201734
0.0200316604806086,0.00161636080279293,3.14159264158503
0.0202312299343268,0.00164874627821777,3.14159264120942
0.020432787638939,0.00168178096184145,3.14159264079317
0.0206363534027952,0.001715477881404,3.14159264036852
0.0208419472315903,0.00174985032649886,3.14159263996766
0.0210495893303298,0.001784911854048,3.14159263952571
0.0212593001053159,0.00182067629356785,3.14159263907484
0.0214711001661525,0.0018571577526842,3.14159263861488
0.0216850103277707,0.00189437062281703,3.14159263808085
0.0219010516124748,0.00193233009763412,3.14159263763445
0.0221192452520079,0.0019710501385354,3.14159263714605
0.0223396126896388,0.00201054705910891,3.14159263664772
0.0225621755822688,0.00205083593242478,3.14159263613932
0.0227869558025609,0.00209193210297623,3.14159263562071
0.0230139754410887,0.00213385345519007,3.14159263512386
0.0232432568085075,0.00217661487001865,3.14159263458402
0.023474822437747,0.00222023378141232,3.14159263403327
0.0237086950862261,0.0022647274080935,3.14159263343899
0.0239448977380887,0.00231011392855521,3.14159263286567
0.0241834536064629,0.00235641004861587,3.1415926322808
0.0244243861357424,0.00240363528699957,3.14159263168404
0.0246677190038904,0.00245180767982647,3.14159263104282
0.0249134761247664,0.00250094625194281,3.14159263042166
0.0251616816504768,0.00255107041139957,3.14159262978791
0.025412359973748,0.00260219995728462,3.14159262914131
0.025665535730324,0.00265435579228414,3.141592628514
0.0259212338013873,0.00270755784517514,3.14159262790564
0.0261794793160042,0.00276182640494794,3.1415926271542
0.0264402976535943,0.00281718436751031,3.14159262642114
0.026703714446425,0.00287365289205297,3.14159262570626
0.0269697555821301,0.0029312542972538,3.14159262497687
0.0272384472062543,0.00299001214569549,3.14159262426505
0.0275098157248225,0.00304994890348898,3.14159262357046
0.0277838878069351,0.00311108744332817,3.14159262273101
0.0280606903873884,0.00317345441692357,3.14159262197285
0.0283402506693225,0.00323707115360088,3.14159262110157
0.028622596126894,0.0033019662161723,3.141592620311
0.0289077545079763,0.00336816269781749,3.14159261947132
0.0291957538368868,0.00343568764471775,3.14159261861458
0.0294866224171405,0.00350456870383265,3.14159261770795
0.0297803888342321,0.00357483223819074,3.14159261681595
0.030077081958445,0.00364650605551694,3.14159261590578
0.0303767309476886,0.00371961951287522,3.14159261500946
0.0306793652503638,0.00379420060499247,3.14159261406181
0.0309850146082572,0.00387027886096674,3.14159261312724
0.0312937090594639,0.00394788440667944,3.14159261214057
0.0316054789413397,0.00402704797701284,3.14159261110139
0.0319203548934821,0.00410780201842243,3.1415926101388
0.0322383678607421,0.0041901763631884,3.14159260902572
0.0325595490962649,0.00427420698637905,3.14159260798834
0.0328839301645615,0.0043599226944387,3.14159260683199
0.0332115429446105,0.00444736204425072,3.14159260575049
0.0335424196329914,0.00453655742924116,3.14159260464619
0.0338765927470487,0.00462754421388449,3.14159260348626
0.0342140951280873,0.0047203584786567,3.1415926022702
0.0345549599446004,0.00481503703467303,3.14159260106231
0.0348992206955289,0.00491161874310548,3.14159259979725
0.0352469112135536,0.00501014067048351,3.14159259853935
0.0355980656684204,0.00511064191316847,3.14159259722324
0.0359527185702978,0.0052131651283273,3.14159259601041
0.0363109047731692,0.00531774553424928,3.14159259460872
0.0366726594782577,0.00542443024724221,3.14159259327676
0.0370380182374857,0.00553325740085862,3.14159259188439
0.0374070169569686,0.00564427313233376,3.1415925904958
0.0377796919005438,0.00575752010906641,3.14159258901318
0.0381560796933348,0.00587304333353794,3.14159258753314
0.0385362173253498,0.00599089031335159,3.14159258599021
0.0389201421551178,0.00611110637141243,3.14159258444859
0.0393078919133593,0.0062337409666617,3.14159258290761
0.039699504706695,0.00635884128614677,3.14159258133417
0.0400950190213904,0.00648645709947616,3.14159257966281
0.0404944737271382,0.00661663918839245,3.14159257799003
0.0408979080808781,0.00674944116065144,3.14159257625027
0.0413053617306551,0.00688491599404621,3.14159257454005
0.0417168747195159,0.00702311588243583,3.14159257279378
0.042132487489444,0.00716409587590281,3.1415925709459
0.0425522408853344,0.00730791214576878,3.14159256909284
0.0429761761590074,0.00745462398759893,3.14159256723378
0.0434043349732631,0.00760428798645758,3.14159256527069
0.0438367594059757,0.00775696588252164,3.14159256333236
0.0442734919542283,0.00791271659658526,3.14159256128828
0.0447145755384901,0.0080716044156893,3.14159255926723
0.0451600535068341,0.0082336906949365,3.14159255713865
0.0456099696391971,0.0083990401446451,3.14159255496646
0.0460643681516824,0.00856772107319603,3.14159255281454
0.0465232937009051,0.00873980100053605,3.14159255061708
0.0469867913883809,0.00891534646237158,3.14159254830828
0.0474549067649583,0.00909442763210828,3.14159254595197
0.0479276858352955,0.00927711858382926,3.14159254361195
0.0484051750623811,0.00946349254253989,3.14159254122232
0.048887421372101,0.00965362167212678,3.14159253871716
0.0493744721578492,0.00984758208064562,3.1415925361602
0.0498663752851864,0.0100454567741081,3.14159253368002
0.0503631790965431,0.0102473171703354,3.14159253095122
0.0508649324159716,0.0104532495545274,3.14159252829686
0.0513716845539433,0.0106633366485051,3.14159252555358
0.0518834853121949,0.010877662876447,3.141592522785
0.0524003849886234,0.0110963114532975,3.14159251989257
0.0529224343822284,0.0113193731475007,3.14159251697228
0.053449684798105,0.0115469346396831,3.14159251402279
0.0539821880524855,0.0117790904740903,3.14159251094543
0.0545199964778318,0.0120159341377854,3.14159250783611
0.0550631629279787,0.0122575577914506,3.14159250469341
0.0556117407833278,0.0125040619505602,3.14159250141853
0.0561657839560938,0.0127555460142173,3.14159249810728
0.0567253468956027,0.0130121079802883,3.14159249475816
0.0572904845936428,0.0132738582507987,3.14159249130465
0.0578612525898692,0.0135408919401893,3.14159248774521
0.0584377069772621,0.0138133275186861,3.14159248414299
0.0590199044076393,0.0140912678385939,3.14159248049636
0.0596079020972235,0.014374828905108,3.14159247667375
0.0602017578322659,0.0146641254593782,3.14159247286808
0.0608015299747247,0.0149592746266236,3.14159246894773
0.0614072774680008,0.0152603919110724,3.14159246487837
0.0620190598427309,0.015567611533421,3.14159246091769
0.0626369372226372,0.01588104169193,3.14159245667433
0.063260970330437,0.0162008176831026,3.1415924524383
0.0638912204938096,0.0165270693428705,3.14159244807774
0.064527749651424,0.0168599292169256,3.14159244355805
0.0651706203590255,0.0171995326199197,3.1415924390069
0.0658198957955834,0.0175460176955625,3.14159243435713
0.0664756397695006,0.0178995254777151,3.14159242960645
0.0671379167248839,0.0182601999535755,3.14159242475252
0.0678067917478773,0.0186281930824774,3.14159241985783
0.068482330573059,0.0190036400900685,3.14159241472515
0.0691645995899009,0.0193867090789118,3.1415924095467
0.0698536658492935,0.0197775568154653,3.14159240428743
0.0705495970701354,0.0201763326344337,3.14159239887971
0.071252461645988,0.020583204805918,3.14159239335327
0.0719623286517978,0.0209983454675012,3.14159238767279
0.0726792678506841,0.0214219193217349,3.14159238196531
0.0734033497007954,0.0218541000296989,3.14159237603296
0.0741346453622338,0.0222950649225605,3.14159237000262
0.074873226704048,0.0227450011356773,3.14159236387112
0.0756191663112968,0.0232040816036798,3.14159235750533
0.0763725374921823,0.0236725073977533,3.14159235109682
0.077133414285254,0.0241504717461144,3.14159234454473
0.077901871466686,0.0246381654321616,3.14159233784555
0.0786779845576243,0.0251357829130897,3.14159233089823
0.0794618298316102,0.0256435428660933,3.14159232382899
0.0802534843220753,0.0261616624757818,3.14159231666655
0.081053025829912,0.0266903355592525,3.141592309342
0.0818605329311203,0.0272297950718495,3.1415923017863
0.082676084984529,0.0277802576187425,3.14159229412532
0.0834997621395954,0.0283419591080969,3.14159228622478
0.0843316453442818,0.02891513325836,3.1415922781778
0.0851718163530112,0.0295000109607275,3.14159226997989
0.086020357734701,0.0300968356284174,3.14159226152885
0.0868773528808787,0.0307058640979921,3.14159225288491
0.0877428860138761,0.0313273592345994,3.14159224414072
0.0886170421951073,0.0319615560236179,3.14159223506356
0.0894999073334278,0.0326087451648791,3.14159222587585
0.0903915681935773,0.0332691897359447,3.14159221644211
0.091292112404707,0.0339431580135916,3.14159220678934
0.0922016284689906,0.0346309420351741,3.1415921969118
0.0931202057703231,0.0353328313261388,3.14159218680361
0.0940479345831043,0.0360491217330227,3.14159217645868
0.094984906081111,0.0367801155719112,3.14159216583822
0.095931212346457,0.0375261217814437,3.14159215496831
0.0968869463786428,0.0382874662897698,3.14159214393993
0.0978522021036951,0.0390644515403066,3.14159213255092
0.0988270743833977,0.0398574279315126,3.1415921209895
0.0998116590246138,0.0406667114517459,3.14159210902045
0.100806052788702,0.0414926791407636,3.1415920968967
0.101810353401026,0.0423356392788888,3.14159208434994
0.102824659560556,0.0431959965323704,3.14159207160008
0.103849070949573,0.0440740967043055,3.14159205847594
0.104883688243462,0.0449703279328214,3.14159204509925
0.105928613120607,0.0458850632320016,3.14159203139597
0.106983948272382,0.046818708238083,3.14159201735691
0.108049797413246,0.0477716401522416,3.14159200284222
0.109126265290933,0.0487443082217237,3.14159198807023
0.11021345769675,0.0497371076917154,3.14159197296562
0.111311481475969,0.0507504953920044,3.14159195745269
0.112420444538328,0.051784870915035,3.14159194152057
0.113540455868642,0.0528407251779013,3.14159192522325
0.114671625537505,0.0539185051086156,3.14159190851647
0.115814064712113,0.0550186816848316,3.14159189142082
0.116967885667188,0.0561417366426105,3.14159187385857
0.118133201796012,0.0572881627506942,3.14159185584943
0.119310127621569,0.0584584640878242,3.14159183734737
0.120498778807802,0.0596531563353263,3.14159181840377
0.121699272170979,0.060872783354921,3.14159179900426
0.122911725691174,0.0621178693199433,3.1415917791013
0.124136258523861,0.0633889665577982,3.14159175861407
0.125372991011625,0.0646866575535091,3.14159173765715
0.126622044695988,0.0660115040684789,3.14159171608323
0.127883542329353,0.0673641160439997,3.14159169390765
0.12915760788707,0.0687451187998048,3.14159167134121
0.130444366579617,0.0701550783302023,3.14159164800578
0.131743944864908,0.0715946665735188,3.14159162401267
0.133056470460718,0.0730645344752245,3.14159159943982
0.134382072357237,0.0745653684427591,3.14159157423362
0.135720880829745,0.0760978112535958,3.14159154830687
0.137073027451418,0.0776626019559045,3.14159152166963
0.138438645106253,0.0792604360269855,3.14159149433105
0.139817868002133,0.0808920461639802,3.14159146616842
0.141210831684012,0.0825581827755223,3.14159143722163
0.142617673047241,0.0842596596922386,3.14159140756233
0.144038530351015,0.0859971978374319,3.1415913769008
0.145473543231967,0.0877716730740031,3.14159134553571
0.146922852717886,0.0895838666333651,3.14159131317486
0.14838660124158,0.0914346498615815,3.1415912799179
0.149864932654872,0.093324892018588,3.1415912456993
0.151357992242739,0.0952555095556586,3.14159121051767
0.152865926737585,0.0972273648989782,3.14159117423891
0.154388884333671,0.0992414457434646,3.14159113695696
0.155927014701668,0.101298686016783,3.14159109853445
0.157480469003375,0.103400097286869,3.14159105896348
0.159049399906567,0.105546633224504,3.14159101816864
0.160633961600007,0.107739442463878,3.14159097623682
0.162234309808591,0.109979472963071,3.14159093289149
0.163850601808658,0.112267901820647,3.14159088828101
0.165482996443441,0.114605818345235,3.14159084232154
0.167131654138685,0.1169943699008,3.14159079489383
0.168796736918406,0.119434766001981,3.14159074597474
0.170478408420818,0.121928184039752,3.14159069553842
0.172176833914412,0.124475864141902,3.14159064342453
0.173892180314203,0.127079113598307,3.14159058966714
0.175624616198126,0.129739241526997,3.14159053416548
0.177374311823611,0.132457592159011,3.14159047684826
0.179141439144312,0.135235545982108,3.14159041760764
0.180926171827004,0.138074558229837,3.14159035646379
0.182728685268653,0.140976049799082,3.14159029326802
0.184549156613652,0.143941517309369,3.14159022790023
0.186387764771234,0.146972538440701,3.1415901602687
0.188244690433046,0.150070696385931,3.14159009030985
0.190120116090916,0.153237618616703,3.14159001802108
0.192014226054782,0.156475020785263,3.14158994316302
0.193927206470808,0.159784539733458,3.14158986558948
0.195859245339675,0.163168030912257,3.14158978528022
0.197810532535059,0.166627272562924,3.14158970204307
0.199781259822293,0.170164230251625,3.14158961581107
0.201771620877207,0.173780790605168,3.14158952644354
0.203781811305169,0.177478941141832,3.14158943369226
0.205812028660303,0.181260728142214,3.14158933753233
0.207862472464906,0.185128309158244,3.14158923769757
0.209933344229057,0.189083806566322,3.14158913397814
0.212024847470417,0.193129614239238,3.14158902641915
0.214137187734237,0.197267832211219,3.14158891449006
0.216270572613551,0.201500997135952,3.14158879821255
0.218425211769581,0.205831565423572,3.14158867732968
0.220601316952341,0.210262070445792,3.14158855150383
0.222799102021447,0.214795125657906,3.14158842064851
0.225018782967137,0.219433427871794,3.14158828429491
0.227260577931492,0.224179760726561,3.14158814228971
0.229524707229878,0.229037060919192,3.14158799429431
0.231811393372599,0.234008301078481,3.14158783998323
0.234120861086761,0.239096552433167,3.14158767897572
0.236453337338361,0.2443050560247,3.14158751096769
0.238809051354588,0.249637029610982,3.14158733552942
0.241188234646354,0.255095937226873,3.14158715223703
0.243591121031046,0.26068536669633,3.14158696067032
0.246017946655504,0.266408816073575,3.14158676020939
0.248468950019226,0.272270273357978,3.14158655050069
0.250944371997813,0.278273575858106,3.14158633095181
0.253444455866633,0.284422696141871,3.14158610086182
0.255969447324739,0.290722068834024,3.1415858597197
0.258519594519007,0.297175897398164,3.14158560669696
0.261095148068527,0.303788786640669,3.14158534118062
0.263696361089233,0.310565522217756,3.14158506226404
0.266323489218776,0.317510992626315,3.14158476911161
0.268976790641649,0.324630279127634,3.14158446081829
0.271656526114562,0.331928666367769,3.14158413630169
0.274362958992064,0.33941165379073,3.14158379442946
0.277096355252427,0.34708516038328,3.14158343418048
0.279856983523786,0.354955166686575,3.14158305419642
0.282645115110538,0.363027707011107,3.14158265290625
0.285461024020003,0.371309686876151,3.14158222902296
0.288304986989357,0.379807598416227,3.14158178075226
0.291177283512823,0.388528751510045,3.14158130628595
0.294078195869143,0.397480691732179,3.14158080375286
0.297008009149318,0.406671096564685,3.14158027089488
0.299967011284625,0.416108237491171,3.14157970535236
0.302955493074915,0.425800795351519,3.14157910460778
0.305973748217189,0.43575764551738,3.14157846578951
0.309022073334467,0.445988360306064,3.14157778577844
0.312100768004933,0.45650314547976,3.141577061175
0.315210134791379,0.467312238342345,3.14157628809036
0.318350479270943,0.478426963466542,3.14157546244502
0.321522110065131,0.489858878945421,3.141574579543
0.324725338870159,0.501620627560362,3.14157363432321
0.327960480487576,0.513725322077884,3.1415726210198
0.331227852855205,0.526187022097487,3.14157153343106
0.33452777707839,0.539020520798278,3.14157036434985
0.33786057746155,0.552241408489869,3.14156910587681
0.341226581540053,0.565866949248786,3.14156774923354
0.344626120112405,0.579914783571345,3.1415662843506
0.348059527272757,0.594404637327285,3.14156470026046
0.351527140443741,0.60935700225711,3.14156298421768
0.355029300409631,0.624794275061492,3.1415611219273
0.358566351349832,0.640740616604672,3.1415590973547
0.362138640872704,0.6572219718122,3.14155689203158
0.365746520049729,0.674266672982558,3.14155448499929
0.369390343450007,0.691905347291271,3.1415518521565
0.373070469175105,0.710171421993974,3.14154896590123
0.376787258894247,0.729102140706629,3.14154579452092
0.380541077879862,0.748737588620911,3.14154230116795
0.384332295043479,0.769122227509155,3.1415384429005
0.38816128297198,0.790305798901386,3.14153417004016
0.392028417964223,0.812343217060925,3.14152942405394
0.395934080068015,0.835296168567517,3.14152413610462
0.399878653117467,0.85923378270562,3.14151822472763
0.403862524770718,0.884234767982858,3.14151159302076
0.407886086548024,0.910388144121569,3.14150412489428
0.411949733870244,0.937795584098078,3.14149568062283
0.416053866097697,0.966575782122615,3.14148609085325
0.420198886569407,0.996865151932594,3.14147514867244
0.424385202642747,1.02882412072343,3.14146259929848
0.428613225733468,1.06264228346125,3.14144812653431
0.432883371356135,1.09854553960719,3.14143133405029
0.437196059164961,1.13680698352077,3.14141172022178
0.441551712995045,1.17775899859418,3.14138864250636
0.445950760904032,1.22181259051268,3.1413612682122
0.450393635214177,1.26948269068752,3.14132850258163
0.454880772554832,1.32142504297025,3.141288884371
0.459412613905356,1.37848773604711,3.14124042810114
0.463989604638456,1.44179296147972,3.14118038264369
0.468612194563952,1.51285760026975,3.14110484748318
0.473280837972988,1.59378757158722,3.14100814416481
0.477995993682671,1.6876014687282,3.14088174447219
0.482758125081168,1.79878966829433,3.14071235328254
0.487567700173245,1.93434351626082,3.14047828078126
0.492425191626258,2.10579783010834,3.14014207202901
0.497331076816609,2.3336566028804,3.1396341173484
0.502285837876655,2.65824213517925,3.13881154710658
0.507289961742096,3.1713456294991,3.13733601387386
0.512343940199829,4.1369871340636,3.13420014801735
0.517448269936273,6.75257617446641,3.12471082394606
0.522603452586187,48.0837242038935,2.9602396732862
0.527809994781971,5.8290243379141,0.0364922020885345
0.533068408203444,1.96618620930705,0.0246167122355933
0.538379209628148,0.767606575470301,0.0281572321799055
0.54374292098212,0.16716814982852,0.0748931134123961
0.549160069391189,0.205440723549555,3.10109836625202
0.554631187232785,0.466284050626637,3.12865831585176
0.560156812188255,0.665419397431779,3.13461795412882
0.565737487295701,0.826979368121492,3.13708246035915
0.571373761003355,0.964289586988985,3.13837952292476
0.577066187223475,1.08531420487289,3.1391583291953
0.582815325386781,1.19512148982005,3.13966722810415
0.588621740497433,1.29710648459495,3.14002012471743
0.594486003188559,1.39364134584074,3.14027592230711
0.600408689778335,1.48644948812498,3.14046782116087
0.606390382326625,1.57682417642983,3.140615795237
0.612431668692179,1.66576497726012,3.14073249329729
0.61853314259041,1.75407240488086,3.14082626556792
0.624695403651737,1.84240185340704,3.14090281683618
0.630919057480521,1.93130623902452,3.14096615922923
0.637204715714579,2.02126538566505,3.14101918507855
0.643552996085292,2.11270694431242,3.14106402461096
0.649964522478314,2.20601898080816,3.14110227628816
0.656439924994885,2.30156574621529,3.14113515969684
0.662979840013756,2.39969323623898,3.14116361885417
0.669584910253729,2.50073949699775,3.14118839413748
0.676255784836825,2.60503832923367,3.14121007307741
0.68299311935207,2.71292418690011,3.14122912681371
0.689797575919929,2.82473941081524,3.14124593685651
0.696669823257376,2.94083566739651,3.1412608146416
0.70361053674361,3.06157866268832,3.14127401653258
0.710620398486436,3.18735189522373,3.14128575484726
0.717700097389293,3.31856041551955,3.14129620669899
0.724850329218959,3.45563595964207,3.14130552070671
0.732071796673927,3.59903867084078,3.14131382185881
0.73936520945347,3.74926394637723,3.14132121598544
0.746731284327378,3.90684458173574,3.14132779311955
0.754170745206409,4.07235562738021,3.14133362946483
0.761684323213425,4.24642795129568,3.14133879030341
0.769272756755247,4.42974263231518,3.14134333116853
0.776936791595223,4.62304749825876,3.14134729931419
0.784677180926518,4.82716256739749,3.14135073501439
0.792494685446138,5.04298964403899,3.1413536722746
0.800390073429685,5.27152118420148,3.14135613938074
0.808364120806859,5.51385695960856,3.14135815997779
0.81641761123772,5.77121698931424,3.14135975316247
0.824551336189696,6.04495873949979,3.14136093388491
0.832766095015371,6.33659725762771,3.1413617134195
0.841062695031038,6.64782885730997,3.14136209923238
0.849441951596046,6.9805591117822,3.14136209523107
0.857904688192917,7.33694279514127,3.14136170194447
0.866451736508292,7.71940448285747,3.14136091620872
0.875083936514654,8.13070454038766,3.14135973077044
0.883802136552883,8.57400325855179,3.14135813520449
0.892607193415623,9.05290003472124,3.14135611395188
0.901499972431489,9.5715544549654,3.14135364696885
0.910481347550107,10.1347678296214,3.14135070898605
0.919552201428001,10.7481276786291,3.14134726801916
0.928713425515341,11.4181620265011,3.14134328520167
0.937965920143547,12.1525645894576,3.14133871292554
0.947310594613772,12.9604358136742,3.14133349292115
0.956748367286265,13.8526498801355,3.14132755442778
0.966280165670624,14.8422702851351,3.14132081071323
0.975906926516951,15.9451664733366,3.14131315570963
0.985629595907907,17.1807611125616,3.14130445790456
0.99544912935169,18.5731285426518,3.14129455352394
1.00536649187595,20.1524555529394,3.14128323656164
1.0153826581226,21.9570232935155,3.14127024452248
1.02549861244364,24.0362358023316,3.14125523796332
1.03571534899787,26.4549199831773,3.14123777134254
1.04603387184859,29.2997595576484,3.14121724836971
1.0564551950623,32.6894240777653,3.14119285234423
1.06698034280831,36.7907176593342,3.14116343472845
1.07761034945945,41.8458825304743,3.14112732910477
1.0883462596937,48.2202741055164,3.14108202115033
1.09918912859683,56.4922579985315,3.14102353198574
1.11014002176615,67.6342837520947,3.14094517211116
1.12120001541515,83.4184713028235,3.14083475569829
1.13237019647937,107.449263551773,3.14066749779981
1.14365166272311,148.356065801067,3.14038406380907
1.15504552284742,233.240888063815,3.13979812005046
1.16655289659896,513.967144977025,3.13786557395029
1.17817491488012,3489.99076029924,0.0238003098946834
1.18991271986013,414.857982055896,0.00265320295071191
1.2017674650873,225.837637792337,0.0013506278761143
1.21374031560241,157.716679458557,0.000879065159391778
1.22583244805319,122.706412818112,0.000634944033091431
1.23804505080996,101.455156039098,0.000485207802551671
1.2503793240824,87.2371909079036,0.000383606201445009
1.26283648003756,77.0995615311309,0.000309823702161246
1.27541774291891,69.5426755371517,0.000253536894253612
1.28812434916672,63.724387580384,0.000208941007163762
1.30095754753952,59.1355039797897,0.000172518506574662
1.31391859923688,55.4502523980408,0.000142010800546508
1.32700877802329,52.4509234069968,0.000115901025694621
1.3402293703534,49.9866526140969,9.31291755440199e-05
1.35358167549843,47.9498354944732,7.29302585273269e-05
1.36706700567381,46.2619460423431,5.47361200122363e-05
1.38068668616823,44.8646249385503,3.81143405055336e-05
1.3944420554738,43.7138309320319,2.2726948869327e-05
1.40833446541765,42.7760592880772,8.30451453816756e-06
1.42236528129475,42.0256314011865,-5.37397340979284e-06
1.43653588200209,41.4429353494146,-1.84932951793193e-05
1.45084766017421,41.013127212454,-3.12120489969769e-05
1.46530202232006,40.7252118458941,-4.36702296112674e-05
1.47990038896119,40.5714225357153,-5.59946941490712e-05
1.49464419477141,40.5467756767904,-6.83040616989388e-05
1.50953488871775,40.6488000140341,-8.07123538266814e-05
1.52457393420285,40.8773740211156,-9.3332840728482e-05
1.53976280920881,41.2346859632986,-0.000106281445100981
1.55510300644243,41.7252973462596,-0.000119680119635996
1.57059603348189,42.3563152733465,-0.000133660782073991
1.58624341292491,43.1376884423003,-0.000148369663677527
1.60204668253843,44.0826499914105,-0.000163972520445698
1.61800739540968,45.2083516279345,-0.000180661204935575
1.63412712009883,46.5367350748942,-0.000198661974739207
1.65040744079316,48.0957550675294,-0.000218246551752525
1.66684995746273,49.9210601126081,-0.000239746964054178
1.68345628601762,52.0584047928246,-0.000263576148019707
1.70022805846676,54.566986179036,-0.000290256473014772
1.71716692307826,57.5244032534246,-0.000320461702255511
1.73427454454146,61.0340285195662,-0.000355078788239689
1.75155260413051,65.236180674103,-0.000395301801243431
1.76900279986957,70.3258447862321,-0.000442780357797913
1.78662684669973,76.5818527880295,-0.000499863848000071
1.8044264766475,84.4166408344686,-0.000570017930724658
1.82240343899506,94.467044100153,-0.000658583923125246
1.8405595004522,107.769510348486,-0.000774245050144073
1.85889644532987,126.132443237573,-0.000932139551626059
1.8774160757156,153.016603746877,-0.00116122632489471
1.89612021165056,195.980694613537,-0.00152473883947433
1.91501069130848,275.295064915363,-0.002192231239921
1.93408937117623,470.036376591538,-0.00382512197904046
1.95335812623632,1694.17691823509,-0.0140683845015502
1.97281885015117,1023.83431744886,-3.13293086444628
1.99247345544916,389.051366203866,-3.13824430531017
2.01232387371263,238.787583612879,-3.13950510381175
2.03237205576772,171.643531823657,-3.14007068845788
2.05261997187604,133.658766753462,-3.14039240044539
2.07306961192835,109.270811265903,-3.1406004162561
2.09372298564007,92.3189883253456,-3.14074627567822
2.11458212274885,79.8763869140588,-3.1408544712729
2.13564907321397,70.374404520214,-3.14093813480348
2.1569259074179,62.8968036338384,-3.14100494236415
2.17841471636964,56.8726324353748,-3.14105968310205
2.20011761191035,51.927700526374,-3.14110550093629
2.2220367269208,47.8066226358672,-3.14114454778181
2.24417421553103,44.3292817447775,-3.14117834646025
2.26653225333202,41.365050897953,-3.14120800782816
2.28911303758952,38.8170084577269,-3.14123436247524
2.31191878746,36.6118262436491,-3.14125804562962
2.33495174420869,34.6930976941209,-3.14127955339517
2.35821417142989,33.0168515613201,-3.14129928046258
2.38170835526944,31.5484081346676,-3.14131754719631
2.40543660464934,30.2601855917207,-3.14133461831972
2.42940125149468,29.1301140343568,-3.14135071708363
2.45360465096286,28.1404868942104,-3.1413660356019
2.47804918167499,27.2771227860504,-3.14138074287796
2.50273724594966,26.5287420200857,-3.14139499137496
2.52767127003908,25.8865174762934,-3.14140892247233
2.55285370436744,25.3437561317171,-3.14142267109695
2.5782870237718,24.8956875584929,-3.14143637007772
2.6039737277453,24.5393432280598,-3.14145015437789
2.62991634068274,24.2735202311903,-3.14146416608767
2.65611741212875,24.0988399305768,-3.14147855925246
2.6825795170283,24.0179010870769,-3.14149350615861
2.70930525597976,24.0355566380699,-3.1415092054143
2.73629725549049,24.1593526046795,-3.14152589227786
2.76355816823497,24.4001847794654,-3.14154385243704
2.79109067331547,24.7732829294175,-3.14156344198459
2.81889747652536,25.2996712025525,-3.14158511537329
2.84698131061502,26.008399476299,3.14157583924643
2.87534493556041,26.93998711759,3.1415480071475
2.90399113883431,28.1519433611127,3.14151558756703
2.93292273568024,29.7279479733919,3.14147699501994
2.96214256938919,31.7938177554354,3.14142987177966
2.99165351157897,34.5469530556924,3.14137054479289
3.02145846247647,38.3146460038948,3.14129295067531
3.05156035120269,43.6806596290658,3.14118630302826
3.08196213606058,51.7960094080376,3.14102936489914
3.11266680482577,65.2862547505117,3.14077373023686
3.14367737504022,91.7211967909806,3.14027988622842
3.17499689430875,165.587746045346,3.13891231220725
3.20662844059857,1424.57881490641,3.11570349977198
3.23857512254174,194.725057755507,0.00394723036974351
3.2708400797407,86.9605029347842,0.00195581551375021
3.30342648307683,54.2925330774645,0.00134846431878358
3.33633753502203,38.5760133417708,0.0010537050748656
3.36957646995348,29.3748551951169,0.000879217312840436
3.40314655447151,23.3587104343576,0.00076362039571779
3.43705108772058,19.13501759486,0.000681242082958232
3.47129340171357,16.0187761287943,0.000619449911984031
3.5058768616592,13.6338231489523,0.000571302628632038
3.54080486629277,11.7565033126546,0.000532670201160718
3.57608084821014,10.2455081010385,0.000500940491457236
3.61170827420512,9.00721109703913,0.000474380542031528
3.64769064561015,7.97714446645685,0.000451795299362452
3.68403149864039,7.10947652465269,0.000432333410179809
3.72073440474126,6.37075427518379,0.000415372161462592
3.75780297093943,5.73599737097394,0.000400445363043955
3.7952408401973,5.18618137444472,0.000387196874286793
3.83305169177101,4.70657315082443,0.000375350039322736
3.87123924157204,4.28558902253707,0.00036468645338785
3.90980724253237,3.91400133689294,0.000355031450814379
3.94875948497333,3.58437455119563,0.000346243740306617
3.9880997969781,3.29064979989499,0.000338207489229008
4.0278320447679,3.02784634171726,0.000330827053989357
4.06796013308195,2.79183330983713,0.000324022687057097
4.10848800556125,2.57915709751191,0.000317727249990366
4.14941964513608,2.38691071041007,0.000311883909381385
4.1907590744175,2.21263093136961,0.000306444159801223
4.23251035609261,2.05421780797076,0.000301366395491356
4.27467759332388,1.90987115018367,0.000296614622796333
4.31726493015235,1.77803982289569,0.000292157622937055
4.36027655190489,1.65738117782459,0.000287968131131471
4.40371668560556,1.54672748268696,0.000284022268628095
4.44758960039098,1.44505918042758,0.000280298940187631
4.49189960792989,1.35148262208499,0.000276779560870327
4.53665106284695,1.26521134051818,0.000273447540361177
4.58184836315058,1.18555143606425,0.000270288141100617
4.6274959506653,1.11188824490905,0.000267288178186537
4.67359831146816,1.04367587960337,0.000264435826805252
4.7201599763297,0.980428145979018,0.000261720412939701
4.76718552115912,0.921710583473623,0.000259132296517233
4.81467956745409,0.867134502283311,0.000256662786825023
4.86264678275485,0.816350781169328,0.000254303957731059
4.91109188110296,0.769045455123253,0.000252048621954498
4.96001962350457,0.724935508193439,0.000249890210103777
5.0094348183983,0.683765156207853,0.000247822707829859
5.05934232212784,0.645302947688933,0.000245840592853569
5.10974703941915,0.609338959419954,0.000243938838802727
5.16065392386252,0.575682509770485,0.000242112792880586
5.21206797839939,0.544159976583087,0.000240358127152578
5.26399425581399,0.514613227986936,0.000238670934601683
5.31643785922997,0.486897789806296,0.000237047512048893
5.36940394261185,0.460881619886566,0.000235484478191058
5.42289771127156,0.436443786900431,0.000233978659776459
5.47692442238001,0.413473437000718,0.000232527149432776
5.53148938548371,0.391868785214095,0.000231127216340504
5.58659796302663,0.371536230367977,0.000229776291882821
5.64225557087715,0.352389661574071,0.000228472013421408
5.69846767886034,0.334349735189905,0.000227212162795395
5.75523981129549,0.3173432062068,0.000225994654661999
5.81257754753904,0.301302484558195,0.00022481753968234
5.87048652253291,0.286165040433084,0.000223678990886935
5.92897242735823,0.271873035115981,0.000222577281336589
5.9880410097947,0.258372864002988,0.000221510794363945
6.04769807488543,0.245614856141519,0.000220478021660891
6.10794948550743,0.233552876725783,0.000219477509895492
6.1688011629478,0.222144088772057,0.000218507905053214
6.23025908748569,0.211348674754293,0.000217567942868557
6.29232929897995,0.201129581041936,0.000216656410445014
6.35501789746274,0.191452289642258,0.000215772157395311
6.41833104373906,0.18228464602545,0.000214914103990727
6.48227495999211,0.173596659545159,0.000214081226767664
6.54685593039489,0.16536033802198,0.000213272543001508
6.61208030172774,0.157549536897348,0.000212487134391114
6.67795448400206,0.150139824259858,0.0002117241225599
6.74448495109028,0.143108353275027,0.000210982683738519
6.81167824136209,0.136433730042213,0.000210262000819299
6.879540958327,0.13009593125235,0.00020956133128111
6.94807977128334,0.124076197994257,0.000208879951562159
7.01730141597365,0.11835693523583,0.000208217174222881
7.08721269524666,0.112921645708364,0.000207572346184681
7.15782047972586,0.107754832045786,0.000206944833718859
7.22913170848469,0.102841954867833,0.000206334043869164
7.30115338972853,0.0981693452169373,0.000205739407041271
7.37389260148342,0.093724154375253,0.000205160376666003
7.44735649229165,0.0894942952417959,0.00020459642429549
7.5215522819143,0.085468396735581,0.00020404705370678
7.59648726204076,0.0816357516374457,0.000203511778066536
7.6721687970054,0.0779862775814937,0.000202990145981218
7.74860432451119,0.0745104672694112,0.000202481709420015
7.82580135636076,0.0711993657713619,0.000201986045059826
7.90376747919457,0.0680445216245457,0.000201502752248272
7.9825103552365,0.065037962376867,0.000201031434493751
8.06203772304691,0.0621721633088193,0.000200571716549336
8.1423573982831,0.0594400193607582,0.00020012324481006
8.22347727446745,0.0568348159590869,0.00019968565965619
8.30540532376313,0.0543502103272859,0.000199258637613778
8.38814959775761,0.051980206185135,0.000198841853715042
8.47171822825389,0.0497191315464832,0.000198434998228519
8.55611942806975,0.0475616215163068,0.000198037770990308
8.64136149184478,0.0455025992795107,0.00019764988943915
8.72745279685559,0.0435372578931701,0.000197271069611815
8.81440180383912,0.0416610463294787,0.000196901051545701
8.90221705782407,0.0398696523890966,0.000196539568157291
8.99090718897075,0.0381589914802026,0.000196186375904718
9.08048091341916,0.0365251910661895,0.000195841232567164
9.17094703414559,0.0349645792239943,0.000195503905511128
9.2623144418278,0.0334736752344428,0.000195174171136489
9.35459211571865,0.0320491745375324,0.000194851809490175
9.44778912452867,0.0306879428179203,0.00019453660997716
9.54191462731723,0.029387005554292,0.000194228370884729
9.63697787439268,0.028143537913566,0.000193926898825636
9.73298820822142,0.0269548564893471,0.000193631995648666
9.82995506434605,0.0258184139889766,0.000193343481653412
9.92788797231267,0.0247317886604528,0.000193061175489676
10.0267965566074,0.0236926795940658,0.000192784906200806
10.1266905376023,0.0226988999219004,0.000192514507761545
10.2275797325105,0.0217483690685999,0.000192249809416225
10.3294740563511,0.0208391096325539,0.000191990658508784
10.4323835229237,0.0199692400903653,0.000191736900500297
10.5363182457922,0.0191369705513708,0.000191488387580994
10.6412884392792,0.0183405971494244,0.00019124497191535
10.7473044194692,0.017578498576498,0.000191006516088544
10.854376605223,0.0168491312916747,0.000190772881798746
10.9625155192013,0.0161510254155814,0.000190543939007383
11.0717317888991,0.0154827808717944,0.000190319556055131
11.1820361476897,0.0148430644290686,0.000190099607606134
11.2934394358801,0.0142306053811845,0.000189883975126063
11.4059526017756,0.0136441930017134,0.000189672533851667
11.5195867027567,0.0130826736936193,0.000189465174284922
11.6343529063649,0.0125449473562226,0.000189261780587032
11.7502624914009,0.0120299653216378,0.000189062244002007
11.8673268490324,0.0115367275499265,0.000188866457818139
11.9855574839141,0.0110642805226304,0.00018867431960377
12.1049660153181,0.0106117143140564,0.000188485723287
12.2255641782758,0.0101781612405579,0.000188300575509831
12.3473638247314,0.00976279306375691,0.000188118776812656
12.4703769247061,0.00936481955048293,0.000187940231671376
12.5946155674753,0.00898348659879439,0.000187764854172378
12.7200919627559,0.00861807408258577,0.000187592550336014
12.8468184419068,0.00826789461067141,0.000187423233335089
12.9748074591403,0.00793229185789128,0.000187256816345472
13.1040715927465,0.00761063907911394,0.000187093217894275
13.2346235463292,0.00730233767306419,0.000186932356348271
13.3664761500544,0.00700681570568141,0.000186774149373311
13.4996423619112,0.00672352699933916,0.00018661852210181
13.6341352689852,0.0064519495621673,0.000186465396706606
13.769968088745,0.0061915846731341,0.000186314698681206
13.9071541703406,0.00594195566920466,0.000186166355329197
14.0457069959158,0.00570260698967251,0.000186020293810294
14.1856401819327,0.00547310314619103,0.000185876444598983
14.3269674805105,0.0052530278273275,0.000185734739375559
14.4697027807763,0.00504198299327286,0.000185595108524859
14.6138601102309,0.00483958804353049,0.000185457489676309
14.7594536361264,0.00464547900025542,0.000185321814381602
14.9064976668593,0.0044593077347517,0.000185188021437746
15.0550066533762,0.004280741312793,0.000185056046760639
15.2049951905944,0.00410946120655771,0.000184925829644083
15.3564780188359,0.00394516271211635,0.000184797310233165
15.509470025276,0.00378755427453994,0.000184670427373269
15.6639862454066,0.00363635695961933,0.000184545125698815
15.8200418645137,0.00349130379284874,0.000184421346236664
15.9776522191699,0.00335213928643367,0.000184299031613833
16.1368327987412,0.00321861894940797,0.000184178129238836
16.2975992469098,0.00309050870382122,0.000184058581494489
16.4599673632111,0.00296758450147242,0.000183940336842733
16.6239531045867,0.00284963183545407,0.000183823340316257
16.7895725869522,0.00273644535047844,0.000183707541071164
16.9568420867814,0.00262782839861209,0.000183592887036202
17.1257780427058,0.00252359270015368,0.000183479328150029
17.2963970571301,0.00242355790687304,0.000183366812231332
17.4687158978635,0.00232755134451736,0.000183255291220377
17.6427514997683,0.00223540760261009,0.000183144715979174
17.8185209664235,0.00214696823687118,0.000183035037440518
17.9960415718061,0.00206208150132127,0.000182926208603534
18.1753307619884,0.00198060198432956,0.00018281818139147
18.3564061568529,0.00190239040399139,0.000182710908662811
18.5392855518237,0.00182731330304122,0.000182604344745246
18.7239869196152,0.00175524280769959,0.0001824984428822
18.9105284119988,0.00168605638757967,0.000182393157558635
19.0989283615865,0.00161963661935848,0.000182288444366508
19.2892052836328,0.00155587097111222,0.000182184257641217
19.4813778778538,0.00149465159327209,0.000182080552649865
19.6754650302656,0.00143587512035579,0.000181977285920408
19.8714858150399,0.00137944246749574,0.000181874413191433
20.0694594963788,0.0013252586631272,0.000181771891270741
20.2694055304078,0.0012732326540185,0.000181669675642658
20.4713435670879,0.00122327715926549,0.000181567723635473
20.6752934521469,0.00117530850182548,0.000181465992405838
20.8812752290297,0.00112924645024314,0.000181364438755386
21.089309140868,0.00108501407718862,0.00018126301981428
21.2994156324697,0.00104253762442004,0.000181161693829789
21.5116153523284,0.00100174635629445,0.000181060417750694
21.7259291546523,0.000962572448133687,0.000180959149073626
21.9423781014139,0.000924950852831255,0.000180857845819191
22.16098346442,0.000888819183383166,0.000180756465344794
22.3817667274018,0.000854117612532649,0.000180654965474194
22.6047495881267,0.000820788751323287,0.000180553304139276
22.8299539605304,0.000788777559198756,0.000180451439603761
23.0574019768706,0.000758031232962792,0.000180349327860098
23.2871159899021,0.000728499130756127,0.000180246928266703
23.5191185750736,0.000700132664644274,0.000180144197509861
23.753432532746,0.000672885225839878,0.000180041093861411
23.9900808904336,0.000646712097349099,0.000179937573263545
24.229086905067,0.000621570380633024,0.000179833594005814
24.4704740652785,0.000597418913316104,0.000179729112614204
24.7142660937108,0.000574218203075361,0.000179624086517582
24.960486949348,0.000551930356216694,0.00017951847144543
25.2091608298705,0.000530519012599117,0.000179412224728073
25.460312174033,0.000509949278491541,0.000179305301929967
25.7139656640662,0.000490187674235601,0.000179197659237333
25.9701462281025,0.000471202067273742,0.000179089252209197
26.2288790426259,0.000452961622143321,0.000178980035943635
26.4901895349461,0.000435436746237202,0.000178869965903571
26.7541033856974,0.000418599036774606,0.000178758996165985
27.0206465313629,0.000402421234389095,0.000178647081384731
27.2898451668228,0.000386877176495665,0.000178534175433979
27.5617257479294,0.000371941750239803,0.000178420231763811
27.8363149941065,0.00035759085031566,0.000178305203008898
28.1136398909757,0.000343801340263216,0.000178189042485755
28.393727693008,0.00033055100890498,0.000178071701408665
28.676605926203,0.000317818536419835,0.000177953132086548
28.9623023907934,0.000305583455622042,0.000177833285114856
29.2508451639773,0.000293826118105376,0.000177712111160617
29.5422626026775,0.000282527661850534,0.000177589560581861
29.8365833463285,0.000271669976877168,0.000177465581857873
30.1338363196908,0.000261235678037498,0.000177340124501556
30.4340507356937,0.000251208072589086,0.000177213135889771
30.7372560983063,0.000241571134147461,0.000177084563824229
31.0434822054368,0.000232309475295201,0.000176954355083848
31.352759151861,0.000223408320893451,0.000176822455588205
31.6651173321802,0.000214853484234626,0.000176688810191204
31.980587443808,0.000206631343425751,0.000176553363697897
32.2992004899869,0.00019872881787121,0.00017641605978884
32.6209877828357,0.000191133347068246,0.000176276840902663
32.9459809464265,0.000183832869215511,0.000176135649500019
33.2742119198924,0.000176815801759345,0.000175992426405488
33.6057129605668,0.000170071021147449,0.00017584711166394
33.940516647153,0.000163587845715384,0.000175699644757525
34.2786558829265,0.000157356016435485,0.000175549963424007
34.620163898968,0.00015136568139377,0.00017539800523417
34.9650742574298,0.000145607378564557,0.000175243706301992
35.3134208548338,0.000140072020457268,0.000175087001996311
35.6652379254028,0.000134750878893677,0.000174927825567526
36.020560044425,0.00012963557118148,0.000174766110550534
36.3794221316519,0.000124718045698394,0.000174601788169725
36.7418594547298,0.000119990568970094,0.000174434789037231
37.1079076326664,0.000115445713096083,0.000174265042262054
37.4776026393308,0.000111076343045031,0.000174092476013974
37.850980806989,0.000106875605579504,0.000173917016771994
38.2280788298744,0.000102836917367079,0.000173738589351443
38.6089337677943,9.89539550923624e-05,0.000173557118076139
38.9935830497717,9.52206440511712e-05,0.000173372524895477
39.3820644777238,9.16311491244289e-05,0.000173184730769212
39.7744162301771,8.81798649418917e-05,0.00017299365506389
40.1706768660191,8.48614065105175e-05,0.000172799215627665
40.5708853282882,8.16706008384767e-05,0.000172601328516636
40.9750809480008,7.86024781965048e-05,0.000172399907935163
41.3833034480161,7.56522643205043e-05,0.000172194866768599
41.7955929469406,7.28153725192689e-05,0.000171986116085083
42.2119899630704,7.00873961461186e-05,0.000171773564335336
42.6325354183732,6.74641016666571e-05,0.000171557119651273
43.0572706425102,6.49414216824057e-05,0.000171336686772418
43.4862373768975,6.2515448205827e-05,0.000171112168781288
43.9194777788087,6.01824267135105e-05,0.000170883467310441
44.3570344255177,5.79387497196566e-05,0.000170650481357299
44.7989503184827,5.57809511677526e-05,0.000170413107597693
45.2452688875731,5.37057007702521e-05,0.000170171241057727
45.6960339953367,5.17097986210406e-05,0.000169924773964077
46.1512899413111,4.97901701066077e-05,0.000169673596300186
46.6110814663769,4.79438608571462e-05,0.000169417595480454
47.0754537571546,4.61680321573887e-05,0.000169156656727645
47.5444524504455,4.44599562459558e-05,0.000168890662420271
48.0181236377169,4.28170120027447e-05,0.000168619492215335
48.4965138696314,4.12366806964218e-05,0.000168343023087011
48.9796701606224,3.9716542045464e-05,0.000168061129357913
49.4676399935135,3.82542702168942e-05,0.000167773682116328
49.9604713241858,3.68476302275395e-05,0.000167480549436468
50.4582125862907,3.5494474252464e-05,0.000167181596506233
50.960912696009,3.41927383065005e-05,0.000166876685351028
51.4686210568595,3.29404388724359e-05,0.000166565674199649
51.9813875645532,3.17356697399186e-05,0.000166248418186078
52.4992626118971,3.05765990386281e-05,0.000165924769319442
53.0222970937469,2.94614662091329e-05,0.000165594575073955
53.5505424120083,2.83885793117711e-05,0.000165257680076143
54.0840504806892,2.73563122444172e-05,0.000164913924167293
54.6228737310007,2.63631022112633e-05,0.000164563144146938
55.1670651165111,2.54074472355121e-05,0.00016420517191251
55.7166781183488,2.4487903736255e-05,0.000163839835505963
56.2717667504587,2.36030842883284e-05,0.000163466958501484
56.8323855649108,2.2751655385172e-05,0.000163086359627766
57.3985896572612,2.19323353616317e-05,0.000162697853336649
57.970434671966,2.11438923238227e-05,0.000162301248853393
58.5479768078509,2.03851422197939e-05,0.000161896350483924
59.1312728236336,1.96549469986919e-05,0.000161482957327528
59.7203800435018,1.89522127392491e-05,0.00016106086317324
60.3153563627471,1.82758879885478e-05,0.000160629855987931
60.9162602534549,1.76249620763914e-05,0.000160189717956608
61.5231507702498,1.69984635347085e-05,0.000159740225723841
62.1360875561008,1.63954585268936e-05,0.00015928114912752
62.7551308481816,1.5815049439021e-05,0.000158812251695852
63.3803414837906,1.52563734128314e-05,0.000158333290669519
64.0117809063307,1.47186010183173e-05,0.000157844015783645
64.6495111713464,1.42009349471552e-05,0.000157344170199491
65.2935949526239,1.37026087377386e-05,0.000156833488906023
65.9440955483488,1.32228856165703e-05,0.000156311699803582
66.6010768873279,1.27610572912914e-05,0.000155778522272747
67.2646035352718,1.23164428731715e-05,0.000155233667622669
67.9347407011399,1.18883877995724e-05,0.000154676838143147
68.6115542435489,1.1476262820861e-05,0.000154107727568603
69.2951106772455,1.10794629910902e-05,0.000153526019618587
69.9854771796423,1.06974067572866e-05,0.000152931388841831
70.6827215974215,1.03295350083408e-05,0.000152323498835872
71.3869124532004,9.97531024168335e-06,0.000151702003431405
72.0981189522675,9.63421570167857e-06,0.000151066544462701
72.8164109893827,9.3057545830329e-06,0.000150416753232075
73.5418591556462,8.98944924836062e-06,0.000149752247945362
74.2745347454369,8.68484049582571e-06,0.000149072634955129
75.0145097634175,8.39148683210829e-06,0.000148377507354401
75.7618569316125,8.10896380256328e-06,0.000147666444142468
76.5166496965536,7.83686331416822e-06,0.000146939010453607
77.2789622364986,7.57479301238733e-06,0.000146194755990271
78.0488694687213,7.32237567257491e-06,0.000145433215249886
78.8264470568735,7.07924860885565e-06,0.00014465390590742
79.6117714184218,6.84506311456616e-06,0.000143856328672964
80.4049197321573,6.6194839345744e-06,0.000143039965904514
81.2059699457796,6.40218872544925e-06,0.000142204281410879
82.015000783559,6.19286757273528e-06,0.000141348718955322
82.8320917540713,5.99122251422659e-06,0.000140472701447132
83.6573231580131,5.79696706524742e-06,0.000139575630158669
84.4907760960926,5.60982579552099e-06,0.000138656883130883
85.3325324770001,5.42953389195245e-06,0.000137715814093443
86.182675025458,5.25583675874615e-06,0.000136751751569915
87.04128729035,5.08848962037618e-06,0.000135763997501992
87.908453652933,4.92725715602264e-06,0.000134751824883095
88.7842593351285,4.77191312488492e-06,0.000133714477647299
89.668790407899,4.62224003337741e-06,0.000132651167539864
90.5621337997063,4.4780287956197e-06,0.000131561074045756
91.4643773050541,4.3390784159144e-06,0.000130443340737291
92.3756095931172,4.2051956766113e-06,0.000129297074352859
93.2959202164542,4.07619486007706e-06,0.000128121342828704
94.2253996198098,3.95189744983486e-06,0.00012691517178678
95.1641391490022,3.83213186586666e-06,0.000125677543178598
96.1122310599006,3.71673320864253e-06,0.000124407392170812
97.0697685274926,3.60554300452273e-06,0.000123103604424481
98.0368456550396,3.49840897045515e-06,0.000121765012720723
99.0135574833262,3.39518478756726e-06,0.000120390393769525
100,3.29572987603674e-06,0.000118978464886457
