0.005,1.2121042377683,-4.24205153333681e-05
0.00504981350745022,1.21727437658124,-4.345453444769e-05
0.00510012329200534,1.22259368318021,-4.45183868492229e-05
0.00515093429792601,1.22806761599613,-4.56131642096884e-05
0.00520225151873108,1.23370189290333,-4.67400100922689e-05
0.00525407999768832,1.23950250676666,-4.79001230625078e-05
0.0053064248283101,1.24547574226857,-4.9094760042073e-05
0.00535929115485391,1.25162819384068,-5.03252399042279e-05
0.00541268417282796,1.2579667850244,-5.15929473435035e-05
0.00546660912950173,1.2644987892928,-5.28993370398099e-05
0.0055210713244217,1.27123185245472,-5.42459381394563e-05
0.00557607610993216,1.27817401679605,-5.56343590838146e-05
0.00563162889170118,1.28533374720423,-5.70662928330376e-05
0.00568773512925191,1.29271995928691,-5.85435224906462e-05
0.00574440033649908,1.30034204982829,-6.00679273945244e-05
0.00580163008229093,1.30820992975175,-6.16414897091449e-05
0.00585942999095646,1.31633405979847,-6.32663015616943e-05
0.00591780574285817,1.3247254892938,-6.49445727943658e-05
0.00597676307495033,1.33339589812415,-6.66786393609986e-05
0.00603630778134278,1.34235764251024,-6.84709724824549e-05
0.00609644571387033,1.35162380472855,-7.03241885805471e-05
0.00615718278266788,1.36120824727918,-7.22410601335822e-05
0.00621852495675124,1.37112567207079,-7.42245274931299e-05
0.00628047826460374,1.38139168502616,-7.62777118047533e-05
0.0063430487947687,1.39202286671461,-7.84039291548019e-05
0.00640624269644776,1.40303684978529,-8.06067060345421e-05
0.00647006618010524,1.41445240389162,-8.28897963379059e-05
0.00653452551807846,1.42628952894083,-8.5257199998081e-05
0.00659962704519415,1.43856955772287,-8.77131835355982e-05
0.00666537715939105,1.45131526897799,-9.02623026488857e-05
0.00673178232234862,1.46455101219271,-9.29094271843864e-05
0.00679884906012213,1.47830284550945,-9.56597687163148e-05
0.006866583963784,1.49259868847909,-9.8518911099074e-05
0.0069349936900715,1.50746849153439,-0.000101492844348942
0.00700408496204102,1.52294442418673,-0.000104588002308326
0.00707386456972874,1.53906108473466,-0.000107811304561933
0.00714433937081795,1.55585573411529,-0.000111170203218842
0.00721551629131298,1.57336855729815,-0.000114672735188661
0.00728740232621988,1.59164295618459,-0.000118327580760273
0.00736000454023386,1.61072587835132,-0.000122144129350199
0.00743333006843358,1.63066818703161,-0.000126132553497723
0.00750738611698235,1.65152507832584,-0.000130303892306642
0.00758217996383635,1.67335655304455,-0.000134670145812366
0.00765771895945984,1.69622795151063,-0.000139244381941416
0.00773401052754759,1.72021056145263,-0.000144040858088786
0.00781106216575441,1.74538231089211,-0.000149075159693986
0.007888881446432,1.77182856024122,-0.000154364358658708
0.00796747601737315,1.79964301049833,-0.000159927194984354
0.00804685360256332,1.82892874807999,-0.000165784285735788
0.00812702200293975,1.85979945064116,-0.000171958366203144
0.00820798909715805,1.8923807837453,-0.00017847456923301
0.00828976284236658,1.92681202467744,-0.000185360749987113
0.00837235127498833,1.96324795736913,-0.000192647864923722
0.00845576251151083,2.00186109307754,-0.000200370415928694
0.00854000474928372,2.0428442839235,-0.000208566973017579
0.00862508626732439,2.08641381283867,-0.0002172807923187
0.00871101542713163,2.13281306457134,-0.000226560550266329
0.00879780067350731,2.18231690897935,-0.000236461220250497
0.00888545053538637,2.23523696384845,-0.000247045125169197
0.00897397362667498,2.29192794938075,-0.000258383208317286
0.00906337864709707,2.35279540901114,-0.000270556577514122
0.00915367438304934,2.41830515129616,-0.00028365839350034
0.00924486970846472,2.48899487780611,-0.000297796195454014
0.0093369735856845,2.56548861178948,-0.000313094786712922
0.00942999506633911,2.64851474679366,-0.000329699844458021
0.00952394329223763,2.73892882128923,-0.000347782474591957
0.0096188274962663,2.83774252938722,-0.000367545013823676
0.00971465700329583,2.94616105440431,-0.000389228496311252
0.00981144123109783,3.06563165147005,-0.000413122370061235
0.00990918969127037,3.19790764137727,-0.000439577295621479
0.0100079119901727,3.34513383969964,-0.000469022231692168
0.0101076178298694,3.50996229141039,-0.000501987581827073
0.0102083170090839,3.6957116408213,-0.000539137068142134
0.0103100194241611,3.90659062083813,-0.000581312428714644
0.0104127350700406,4.14801791769295,-0.000629597389965158
0.0105164740412383,4.42709065472368,-0.000685411362519529
0.010621246532839,4.75328881886958,-0.000750650325283113
0.0107270628414978,5.13956696506614,-0.000827905164440618
0.0108339333664526,5.60410665733894,-0.000920812158809123
0.0109418686105456,6.17324854170249,-0.00103463938985671
0.0110508791812558,6.8866475057064,-0.00117731776636139
0.0111609757917411,7.80690182137235,-0.00136136684106826
0.0112721692618919,9.03895224577898,-0.00160777461150299
0.0113844705193934,10.7731697254902,-0.00195461503415495
0.0114978906008003,13.3945025910243,-0.00247887746100375
0.0116124406526212,17.8163954327211,-0.00336325076959162
0.0117281319324142,26.861711160491,-0.0051723125740995
0.0118449758098927,55.7125707213158,-0.0109426265337157
0.0119629837680434,578.530136996771,-3.02542815042877
0.0120821674042547,45.9207001978466,-3.13220848714815
0.012202538431456,23.6760730113915,-3.13665747567614
0.0123241086792694,15.8461549965613,-3.13822345466889
0.0124468900951718,11.8490662116815,-3.13902286684219
0.0125708947456694,9.42425434718855,-3.13950782506353
0.0126961348174833,7.79676179603142,-3.13983332053722
0.0128226226187472,6.6290538545205,-3.14006685984793
0.0129503705802173,5.7505565266717,-3.14024255755607
0.0130793912564934,5.06578428570932,-3.14037951061351
0.0132096973272534,4.51711804472955,-3.1404892427373
0.0133413015984986,4.06772752066035,-3.14057911991652
0.0134742170038131,3.69297126196194,-3.14065407039465
0.0136084566056342,3.37573964146998,-3.14071751606378
0.0137440335965363,3.10378144629582,-3.14077190714217
0.0138809613005278,2.86809369660016,-3.14081904420766
0.0140192531743598,2.66191203377998,-3.14086028011817
0.0141589228088493,2.48005563725037,-3.14089665102718
0.0142999839302144,2.31848945760334,-3.14092896393623
0.0144424504014236,2.17402406508031,-3.14095785672462
0.0145863362235577,2.04410515540231,-3.14098384024786
0.0147316555371864,1.92666295015604,-3.1410073284573
0.0148784226237576,1.82000250876767,-3.14102866033748
0.0150266519070008,1.72272254747374,-3.1410481161422
0.015176357954345,1.63365448073483,-3.14106592958609
0.0153275554783502,1.55181604220795,-3.14108229712033
0.0154802593381531,1.47637557293974,-3.14109738507496
0.0156344845409276,1.40662422039171,-3.14111133521897
0.0157902462433596,1.34195407626858,-3.14112426913275
0.0159475597531365,1.28184082421721,-3.14113629167843
0.0161064405304516,1.22582984798294,-3.14114749377832
0.0162669041895237,1.17352502076633,-3.14115795465693
0.016428966500131,1.12457959097344,-3.14116774366384
0.0165926433891618,1.07868872076544,-3.14117692176598
0.0167579509421787,1.03558333798099,-3.14118554277721
0.0169249054050005,0.995025039391593,-3.14119365437768
0.0170935231852977,0.956801841408284,-3.14120129896365
0.017263820854206,0.920724618269886,-3.14120851435989
0.017435815147954,0.886624101314629,-3.14121533441976
0.0176095229695087,0.854348338897277,-3.1412217895333
0.017784961390236,0.823760536484979,-3.1412279070591
0.0179621476515789,0.794737212196464,-3.14123371169331
0.0181410991667516,0.767166615270984,-3.14123922578585
0.0183218335224513,0.740947364785634,-3.14124446961268
0.0185043684805857,0.715987273638249,-3.14124946161105
0.0186887219800196,0.692202329023593,-3.14125421858335
0.018874912138337,0.669515805655736,-3.14125875587449
0.019062957253622,0.647857491987488,-3.14126308752663
0.0192528758062573,0.627163012953016,-3.14126722641466
0.01944468646074,0.607373235539371,-3.14127118436507
0.0196384080675158,0.588433745523728,-3.14127497226061
0.0198340596648322,0.570294385707436,-3.14127860013262
0.0200316604806086,0.55290884729305,-3.14128207724278
0.0202312299343268,0.536234307505492,-3.14128541215556
0.020432787638939,0.520231107359047,-3.14128861280269
0.0206363534027952,0.504862464563339,-3.14129168654056
0.0208419472315903,0.490094217104586,-3.14129464020153
0.0210495893303298,0.475894593823316,-3.14129748013976
0.0212593001053159,0.462234008648432,-3.14130021227244
0.0214711001661525,0.449084875745344,-3.14130284211668
0.0216850103277707,0.436421443128392,-3.14130537482284
0.0219010516124748,0.424219642602529,-3.14130781520453
0.0221192452520079,0.412456954213236,-3.14131016776571
0.0223396126896388,0.401112283596672,-3.14131243672522
0.0225621755822688,0.390165850796119,-3.14131462603904
0.0227869558025609,0.379599089340067,-3.14131673942044
0.0230139754410887,0.36939455448266,-3.14131878035834
0.0232432568085075,0.35953583964522,-3.14132075213406
0.023474822437747,0.350007500227101,-3.14132265783649
0.0237086950862261,0.340794984028204,-3.14132450037607
0.0239448977380887,0.331884567634385,-3.14132628249748
0.0241834536064629,0.323263298168374,-3.14132800679128
0.0244243861357424,0.314918939884824,-3.14132967570462
0.0246677190038904,0.306839925159683,-3.14133129155102
0.0249134761247664,0.299015309442038,-3.1413328565194
0.0251616816504768,0.291434729804969,-3.14133437268233
0.025412359973748,0.284088366769843,-3.14133584200373
0.025665535730324,0.2769669090981,-3.14133726634583
0.0259212338013873,0.270061521287673,-3.14133864747576
0.0261794793160042,0.263363813540384,-3.14133998707148
0.0264402976535943,0.256865813974167,-3.14134128672737
0.026703714446425,0.250559942892408,-3.14134254795938
0.0269697555821301,0.244438988934786,-3.1413437722098
0.0272384472062543,0.238496086953631,-3.14134496085167
0.0275098157248225,0.232724697459805,-3.14134611519291
0.0277838878069351,0.227118587528133,-3.14134723648012
0.0280606903873884,0.221671813025575,-3.14134832590213
0.0283402506693225,0.216378702068822,-3.14134938459335
0.028622596126894,0.211233839605454,-3.14135041363681
0.0289077545079763,0.206232053035166,-3.14135141406705
0.0291957538368868,0.201368398788411,-3.1413523868728
0.0294866224171405,0.196638149786372,-3.1413533329995
0.0297803888342321,0.192036783721453,-3.14135425335164
0.030077081958445,0.187559972091352,-3.14135514879494
0.0303767309476886,0.183203569930888,-3.14135602015843
0.0306793652503638,0.178963606194322,-3.14135686823634
0.0309850146082572,0.174836274735306,-3.14135769378993
0.0312937090594639,0.170817925845847,-3.14135849754917
0.0316054789413397,0.166905058312515,-3.14135928021433
0.0319203548934821,0.163094311951495,-3.14136004245749
0.0322383678607421,0.159382460593284,-3.14136078492391
0.0325595490962649,0.155766405483046,-3.14136150823337
0.0328839301645615,0.15224316906686,-3.14136221298143
0.0332115429446105,0.148809889141491,-3.14136289974055
0.0335424196329914,0.145463813340085,-3.14136356906125
0.0338765927470487,0.142202293932458,-3.14136422147312
0.0342140951280873,0.139022782919517,-3.1413648574858
0.0345549599446004,0.135922827401967,-3.14136547758989
0.0348992206955289,0.132900065205843,-3.14136608225789
0.0352469112135536,0.129952220748923,-3.14136667194495
0.0355980656684204,0.127077101130795,-3.14136724708969
0.0359527185702978,0.124272592435703,-3.14136780811495
0.0363109047731692,0.121536656231669,-3.14136835542846
0.0366726594782577,0.118867326254903,-3.14136888942351
0.0370380182374857,0.116262705269705,-3.14136941047961
0.0374070169569686,0.113720962089503,-3.14136991896303
0.0377796919005438,0.111240328755127,-3.14137041522743
0.0381560796933348,0.1088190978528,-3.14137089961434
0.0385362173253498,0.106455619972213,-3.1413713724537
0.0389201421551178,0.104148301290024,-3.14137183406432
0.0393078919133593,0.101895601273901,-3.14137228475436
0.039699504706695,0.0996960305020974,-3.14137272482178
0.0400950190213904,0.097548148586545,-3.1413731545547
0.0404944737271382,0.095450562199849,-3.14137357423186
0.0408979080808781,0.0934019231964319,-3.14137398412294
0.0413053617306551,0.0914009268222003,-3.14137438448895
0.0417168747195159,0.0894463100111329,-3.14137477558259
0.042132487489444,0.0875368497609826,-3.1413751576485
0.0425522408853344,0.0856713615847979,-3.14137553092366
0.0429761761590074,0.0838486980339982,-3.14137589563762
0.0434043349732631,0.0820677472897351,-3.14137625201282
0.0438367594059757,0.0803274318182807,-3.14137660026484
0.0442734919542283,0.0786267070869506,-3.14137694060266
0.0447145755384901,0.0769645603379079,-3.14137727322891
0.0451600535068341,0.075340009416434,-3.14137759834008
0.0456099696391971,0.0737521016510895,-3.1413779161268
0.0460643681516824,0.0721999127827317,-3.141378226774
0.0465232937009051,0.070682545940156,-3.14137853046113
0.0469867913883809,0.0691991306605421,-3.14137882736237
0.0474549067649583,0.0677488219509846,-3.1413791176468
0.0479276858352955,0.0663307993906333,-3.1413794014786
0.0484051750623811,0.0649442662704248,-3.14137967901719
0.048887421372101,0.0635884487690923,-3.14137995041743
0.0493744721578492,0.0622625951631743,-3.14138021582976
0.0498663752851864,0.060965975069776,-3.14138047540035
0.0503631790965431,0.0596978787208633,-3.14138072927124
0.0508649324159716,0.0584576162661801,-3.14138097758051
0.0513716845539433,0.0572445171052821,-3.14138122046238
0.0518834853121949,0.0560579292456729,-3.14138145804735
0.0524003849886234,0.0548972186868981,-3.14138169046233
0.0529224343822284,0.0537617688291769,-3.14138191783073
0.053449684798105,0.0526509799048004,-3.14138214027263
0.0539821880524855,0.051564268431984,-3.14138235790483
0.0545199964778318,0.0505010666901279,-3.14138257084099
0.0550631629279787,0.049460822214757,-3.14138277919172
0.0556117407833278,0.0484429973124459,-3.14138298306468
0.0561657839560938,0.0474470685933161,-3.14138318256466
0.0567253468956027,0.0464725265220276,-3.14138337779369
0.0572904845936428,0.0455188749851752,-3.14138356885113
0.0578612525898692,0.0445856308745463,-3.14138375583373
0.0584377069772621,0.0436723236866282,-3.14138393883571
0.0590199044076393,0.0427784951355779,-3.14138411794887
0.0596079020972235,0.0419036987816234,-3.14138429326262
0.0602017578322659,0.0410474996721414,-3.14138446486411
0.0608015299747247,0.0402094739956355,-3.14138463283824
0.0614072774680008,0.0393892087487263,-3.14138479726775
0.0620190598427309,0.0385863014142583,-3.14138495823329
0.0626369372226372,0.0378003596512366,-3.14138511581348
0.063260970330437,0.0370310009955412,-3.14138527008498
0.0638912204938096,0.036277852571087,-3.1413854211225
0.064527749651424,0.0355405508108124,-3.14138556899893
0.0651706203590255,0.0348187411876293,-3.14138571378534
0.0658198957955834,0.0341120779543937,-3.14138585555104
0.0664756397695006,0.0334202238925954,-3.14138599436364
0.0671379167248839,0.0327428500697895,-3.1413861302891
0.0678067917478773,0.032079635605091,-3.14138626339179
0.068482330573059,0.0314302674425509,-3.14138639373449
0.0691645995899009,0.0307944401318197,-3.14138652137848
0.0698536658492935,0.03017185561639,-3.14138664638355
0.0705495970701354,0.0295622230287047,-3.14138676880807
0.071252461645988,0.0289652584916824,-3.14138688870901
0.0719623286517978,0.0283806849270025,-3.141387006142
0.0726792678506841,0.0278082318694933,-3.14138712116132
0.0734033497007954,0.0272476352873644,-3.14138723381999
0.0741346453622338,0.0266986374082516,-3.14138734416977
0.074873226704048,0.026160986550744,-3.14138745226123
0.0756191663112968,0.025634436961226,-3.14138755814373
0.0763725374921823,0.0251187486559651,-3.14138766186549
0.077133414285254,0.02461368726777,-3.14138776347362
0.077901871466686,0.0241190238978528,-3.14138786301414
0.0786779845576243,0.0236345349718514,-3.14138796053199
0.0794618298316102,0.0231600021005191,-3.14138805607109
0.0802534843220753,0.0226952119446553,-3.14138814967438
0.081053025829912,0.0222399560839067,-3.14138824138378
0.0818605329311203,0.0217940308897326,-3.14138833124027
0.082676084984529,0.0213572374021518,-3.14138841928393
0.0834997621395954,0.0209293812101153,-3.14138850555389
0.0843316453442818,0.020510272335408,-3.14138859008843
0.0851718163530112,0.0200997251201117,-3.14138867292496
0.086020357734701,0.019697558117122,-3.14138875410006
0.0868773528808787,0.0193035939841691,-3.14138883364949
0.0877428860138761,0.0189176593806524,-3.14138891160821
0.0886170421951073,0.0185395848676313,-3.14138898801042
0.0894999073334278,0.0181692048106479,-3.14138906288955
0.0903915681935773,0.0178063572852469,-3.14138913627831
0.091292112404707,0.0174508839852827,-3.14138920820868
0.0922016284689906,0.0171026301338051,-3.14138927871194
0.0931202057703231,0.0167614443964836,-3.1413893478187
0.0940479345831043,0.0164271787973617,-3.1413894155589
0.094984906081111,0.0160996886370344,-3.14138948196182
0.095931212346457,0.0157788324131422,-3.14138954705613
0.0968869463786428,0.0154644717430076,-3.14138961086986
0.0978522021036951,0.0151564712883545,-3.14138967343046
0.0988270743833977,0.0148546986822241,-3.14138973476477
0.0998116590246138,0.0145590244577437,-3.14138979489907
0.100806052788702,0.014269321978959,-3.1413898538591
0.101810353401026,0.0139854673734186,-3.14138991167001
0.102824659560556,0.0137073394666154,-3.14138996835647
0.103849070949573,0.0134348197182693,-3.14139002394259
0.104883688243462,0.0131677921601673,-3.14139007845201
0.105928613120607,0.0129061433357571,-3.14139013190783
0.106983948272382,0.0126497622412793,-3.14139018433272
0.108049797413246,0.0123985402685164,-3.14139023574884
0.109126265290933,0.0121523711489136,-3.14139028617791
0.11021345769675,0.0119111508993963,-3.1413903356412
0.111311481475969,0.0116747777692721,-3.14139038415954
0.112420444538328,0.0114431521888358,-3.14139043175334
0.113540455868642,0.0112161767190305,-3.14139047844259
0.114671625537505,0.0109937560026066,-3.14139052424687
0.115814064712113,0.0107757967163791,-3.14139056918536
0.116967885667188,0.0105622075247836,-3.14139061327686
0.118133201796012,0.0103528990346395,-3.1413906565398
0.119310127621569,0.0101477837509155,-3.14139069899223
0.120498778807802,0.00994677603380768,-3.14139074065184
0.121699272170979,0.00974979205673169,-3.14139078153598
0.122911725691174,0.00955674976541927,-3.14139082166164
0.124136258523861,0.00936756883808291,-3.14139086104548
0.125372991011625,0.00918217064649504,-3.14139089970385
0.126622044695988,0.00900047821807911,-3.14139093765277
0.127883542329353,0.00882241619888713,-3.14139097490793
0.12915760788707,0.00864791081756298,-3.14139101148475
0.130444366579617,0.0084768898501201,-3.14139104739834
0.131743944864908,0.00830928258558445,-3.14139108266351
0.133056470460718,0.00814501979249729,-3.14139111729479
0.134382072357237,0.00798403368625135,-3.14139115130646
0.135720880829745,0.00782625789714557,-3.1413911847125
0.137073027451418,0.00767162743926042,-3.14139121752664
0.138438645106253,0.00752007868006642,-3.14139124976235
0.139817868002133,0.00737154931078022,-3.14139128143287
0.141210831684012,0.00722597831736446,-3.14139131255117
0.142617673047241,0.00708330595231363,-3.14139134313
0.144038530351015,0.0069434737070288,-3.14139137318186
0.145473543231967,0.00680642428483639,-3.14139140271905
0.146922852717886,0.0066721015747481,-3.14139143175363
0.14838660124158,0.00654045062571624,-3.14139146029744
0.149864932654872,0.00641141762155144,-3.14139148836214
0.151357992242739,0.0062849498564292,-3.14139151595915
0.152865926737585,0.00616099571092825,-3.14139154309972
0.154388884333671,0.00603950462867925,-3.14139156979489
0.155927014701668,0.00592042709350215,-3.14139159605551
0.157480469003375,0.00580371460711092,-3.14139162189225
0.159049399906567,0.00568931966729551,-3.14139164731561
0.160633961600007,0.00557719574664877,-3.1413916723359
0.162234309808591,0.00546729727173967,-3.14139169696326
0.163850601808658,0.00535957960278604,-3.14139172120767
0.165482996443441,0.00525399901377056,-3.14139174507896
0.167131654138685,0.00515051267303739,-3.14139176858678
0.168796736918406,0.00504907862430873,-3.14139179174064
0.170478408420818,0.00494965576813003,-3.1413918145499
0.172176833914412,0.00485220384373848,-3.14139183702378
0.173892180314203,0.00475668341135473,-3.14139185917136
0.175624616198126,0.0046630558348384,-3.14139188100156
0.177374311823611,0.0045712832647489,-3.1413919025232
0.179141439144312,0.0044813286218091,-3.14139192374494
0.180926171827004,0.00439315558070618,-3.14139194467535
0.182728685268653,0.00430672855426246,-3.14139196532285
0.184549156613652,0.00422201267794372,-3.14139198569576
0.186387764771234,0.0041389737947487,-3.14139200580227
0.188244690433046,0.00405757844040303,-3.14139202565046
0.190120116090916,0.00397779382888061,-3.14139204524833
0.192014226054782,0.00389958783825273,-3.14139206460374
0.193927206470808,0.00382292899683974,-3.14139208372447
0.195859245339675,0.00374778646968787,-3.14139210261821
0.197810532535059,0.00367413004531616,-3.14139212129252
0.199781259822293,0.00360193012275439,-3.14139213975492
0.201771620877207,0.00353115769889236,-3.1413921580128
0.203781811305169,0.00346178435606836,-3.14139217607349
0.205812028660303,0.00339378224995214,-3.14139219394423
0.207862472464906,0.00332712409767937,-3.14139221163219
0.209933344229057,0.0032617831662513,-3.14139222914444
0.212024847470417,0.0031977332611745,-3.14139224648802
0.214137187734237,0.00313494871535073,-3.14139226366986
0.216270572613551,0.00307340437821037,-3.14139228069685
0.218425211769581,0.00301307560508016,-3.1413922975758
0.220601316952341,0.00295393824676335,-3.14139231431348
0.222799102021447,0.0028959686393679,-3.14139233091658
0.225018782967137,0.00283914359432395,-3.14139234739174
0.227260577931492,0.00278344038865115,-3.14139236374558
0.229524707229878,0.00272883675539055,-3.14139237998461
0.231811393372599,0.00267531087428524,-3.14139239611536
0.234120861086761,0.00262284136261777,-3.14139241214427
0.236453337338361,0.00257140726626527,-3.14139242807775
0.238809051354588,0.0025209880509454,-3.14139244392218
0.241188234646354,0.00247156359364873,-3.1413924596839
0.243591121031046,0.00242311417422382,-3.14139247536923
0.246017946655504,0.00237562046718582,-3.14139249098443
0.248468950019226,0.00232906353366378,-3.14139250653575
0.250944371997813,0.00228342481352305,-3.14139252202943
0.253444455866633,0.00223868611767275,-3.14139253747166
0.255969447324739,0.00219482962051378,-3.14139255286864
0.258519594519007,0.00215183785254536,-3.14139256822651
0.261095148068527,0.00210969369314777,-3.14139258355145
0.263696361089233,0.00206838036348952,-3.14139259884958
0.266323489218776,0.00202788141960827,-3.14139261412704
0.268976790641649,0.00198818074561089,-3.14139262938995
0.271656526114562,0.00194926254703579,-3.14139264464443
0.274362958992064,0.00191111134434452,-3.14139265989661
0.277096355252427,0.00187371196654902,-3.14139267515259
0.279856983523786,0.00183704954497574,-3.14139269041852
0.282645115110538,0.00180110950715133,-3.14139270570051
0.285461024020003,0.00176587757082574,-3.14139272100471
0.288304986989357,0.00173133973810953,-3.14139273633726
0.291177283512823,0.00169748228973725,-3.14139275170434
0.294078195869143,0.00166429177945361,-3.14139276711213
0.297008009149318,0.00163175502850512,-3.14139278256682
0.299967011284625,0.00159985912025381,-3.14139279807465
0.302955493074915,0.00156859139490249,-3.14139281364185
0.305973748217189,0.00153793944432096,-3.14139282927472
0.309022073334467,0.00150789110699006,-3.14139284497955
0.312100768004933,0.00147843446303859,-3.14139286076269
0.315210134791379,0.0014495578293855,-3.14139287663051
0.318350479270943,0.00142124975499237,-3.14139289258943
0.321522110065131,0.0013934990161953,-3.1413929086459
0.324725338870159,0.00136629461214952,-3.14139292480643
0.327960480487576,0.00133962576035026,-3.14139294107756
0.331227852855205,0.00131348189226483,-3.1413929574659
0.33452777707839,0.00128785264903883,-3.14139297397809
0.33786057746155,0.00126272787729209,-3.14139299062084
0.341226581540053,0.00123809762501173,-3.14139300740091
0.344626120112405,0.00121395213751517,-3.14139302432514
0.348059527272757,0.00119028185349886,-3.14139304140042
0.351527140443741,0.00116707740117967,-3.14139305863371
0.355029300409631,0.0011443295944943,-3.14139307603204
0.358566351349832,0.00112202942939477,-3.14139309360252
0.362138640872704,0.00110016808020578,-3.14139311135233
0.365746520049729,0.00107873689606563,-3.14139312928874
0.369390343450007,0.00105772739743274,-3.1413931474191
0.373070469175105,0.00103713127267101,-3.14139316575085
0.376787258894247,0.0010169403746925,-3.14139318429151
0.380541077879862,0.000997146717677409,-3.14139320304871
0.384332295043479,0.000977742473861275,-3.14139322203017
0.38816128297198,0.000958719970379537,-3.14139324124372
0.392028417964223,0.000940071686185753,-3.14139326069727
0.395934080068015,0.000921790249019675,-3.14139328039888
0.399878653117467,0.000903868432450432,-3.14139330035669
0.403862524770718,0.000886299152970355,-3.14139332057897
0.407886086548024,0.000869075467150099,-3.1413933410741
0.411949733870244,0.000852190568851542,-3.14139336185061
0.416053866097697,0.000835637786495652,-3.14139338291712
0.420198886569407,0.000819410580386962,-3.14139340428243
0.424385202642747,0.000803502540090875,-3.14139342595543
0.428613225733468,0.000787907381865418,-3.14139344794519
0.432883371356135,0.000772618946142018,-3.14139347026091
0.437196059164961,0.000757631195060518,-3.14139349291193
0.441551712995045,0.000742938210047967,-3.14139351590777
0.445950760904032,0.00072853418945391,-3.14139353925809
0.450393635214177,0.000714413446229192,-3.14139356297272
0.454880772554832,0.000700570405647857,-3.14139358706167
0.459412613905356,0.000686999603080161,-3.1413936115351
0.463989604638456,0.000673695681811367,-3.14139363640339
0.468612194563952,0.000660653390895893,-3.14139366167706
0.473280837972988,0.00064786758306495,-3.14139368736686
0.477995993682671,0.000635333212668739,-3.14139371348372
0.482758125081168,0.00062304533366227,-3.14139374003876
0.487567700173245,0.00061099909763515,-3.14139376704333
0.492425191626258,0.000599189751871495,-3.14139379450897
0.497331076816609,0.000587612637459344,-3.14139382244748
0.502285837876655,0.000576263187431532,-3.14139385087083
0.507289961742096,0.000565136924945041,-3.14139387979128
0.512343940199829,0.000554229461497379,-3.1413939092213
0.517448269936273,0.000543536495179284,-3.14139393917359
0.522603452586187,0.000533053808960605,-3.14139396966114
0.527809994781971,0.000522777269010168,-3.14139400069718
0.533068408203444,0.000512702823054186,-3.14139403229522
0.538379209628148,0.000502826498757965,-3.14139406446901
0.54374292098212,0.000493144402151322,-3.14139409723264
0.549160069391189,0.000483652716075771,-3.14139413060045
0.554631187232785,0.000474347698668413,-3.14139416458708
0.560156812188255,0.00046522568187453,-3.1413941992075
0.565737487295701,0.000456283069988057,-3.14139423447698
0.571373761003355,0.000447516338225599,-3.14139427041112
0.577066187223475,0.0004389220313232,-3.14139430702585
0.582815325386781,0.00043049676216516,-3.14139434433745
0.588621740497433,0.000422237210440655,-3.14139438236256
0.594486003188559,0.00041414012132254,-3.14139442111816
0.600408689778335,0.000406202304177959,-3.14139446062163
0.606390382326625,0.000398420631300783,-3.14139450089071
0.612431668692179,0.000390792036671566,-3.14139454194356
0.61853314259041,0.000383313514740906,-3.14139458379873
0.624695403651737,0.000375982119237225,-3.1413946264752
0.630919057480521,0.000368794962000191,-3.14139466999236
0.637204715714579,0.000361749211833502,-3.14139471437006
0.643552996085292,0.000354842093384654,-3.14139475962861
0.649964522478314,0.000348070886044248,-3.14139480578876
0.656439924994885,0.000341432922868934,-3.14139485287177
0.662979840013756,0.000334925589523771,-3.1413949008994
0.669584910253729,0.000328546323248271,-3.14139494989388
0.676255784836825,0.000322292611842228,-3.141394999878
0.68299311935207,0.000316161992668321,-3.14139505087509
0.689797575919929,0.000310152051681605,-3.14139510290903
0.696669823257376,0.000304260422470802,-3.14139515600425
0.70361053674361,0.000298484785323701,-3.1413952101858
0.710620398486436,0.000292822866310506,-3.14139526547933
0.717700097389293,0.000287272436382697,-3.14139532191111
0.724850329218959,0.000281831310493144,-3.14139537950806
0.732071796673927,0.000276497346732463,-3.14139543829774
0.73936520945347,0.000271268445481513,-3.14139549830843
0.746731284327378,0.000266142548582619,-3.14139555956909
0.754170745206409,0.000261117638526688,-3.14139562210941
0.761684323213425,0.000256191737656063,-3.14139568595982
0.769272756755247,0.000251362907384387,-3.14139575115155
0.776936791595223,0.00024662924743028,-3.14139581771659
0.784677180926518,0.000241988895067903,-3.14139588568777
0.792494685446138,0.000237440024393153,-3.14139595509875
0.800390073429685,0.000232980845601277,-3.14139602598408
0.808364120806859,0.000228609604283352,-3.1413960983792
0.81641761123772,0.000224324580733003,-3.14139617232046
0.824551336189696,0.000220124089269421,-3.1413962478452
0.832766095015371,0.000216006477573722,-3.14139632499172
0.841062695031038,0.000211970126036373,-3.14139640379936
0.849441951596046,0.000208013447121904,-3.14139648430851
0.857904688192917,0.000204134884742143,-3.14139656656063
0.866451736508292,0.000200332913644471,-3.14139665059833
0.875083936514654,0.000196606038813105,-3.14139673646535
0.883802136552883,0.00019295279487899,-3.14139682420666
0.892607193415623,0.000189371745546148,-3.14139691386845
0.901499972431489,0.000185861483026173,-3.14139700549819
0.910481347550107,0.000182420627485938,-3.1413970991447
0.919552201428001,0.000179047826505744,-3.14139719485813
0.928713425515341,0.000175741754549281,-3.14139729269008
0.937965920143547,0.000172501112443229,-3.1413973926936
0.947310594613772,0.000169324626869442,-3.14139749492327
0.956748367286265,0.000166211049864972,-3.14139759943523
0.966280165670624,0.000163159158334308,-3.14139770628725
0.975906926516951,0.000160167753571252,-3.14139781553877
0.985629595907907,0.000157235660790056,-3.14139792725101
0.99544912935169,0.000154361728667768,-3.14139804148696
1.00536649187595,0.000151544828893316,-3.1413981583115
1.0153826581226,0.000148783855728928,-3.14139827779146
1.02549861244364,0.000146077725579605,-3.14139839999566
1.03571534899787,0.000143425376571338,-3.14139852499504
1.04603387184859,0.000140825768137929,-3.14139865286267
1.0564551950623,0.000138277880617977,-3.1413987836739
1.06698034280831,0.000135780714859944,-3.14139891750639
1.07761034945945,0.000133333291833889,-3.14139905444025
1.0883462596937,0.000130934652254512,-3.14139919455808
1.09918912859683,0.000128583856210753,-3.1413993379451
1.11014002176615,0.00012627998280344,-3.14139948468927
1.12120001541515,0.000124022129790977,-3.14139963488135
1.13237019647937,0.000121809413243763,-3.14139978861505
1.14365166272311,0.000119640967205686,-3.14139994598714
1.15504552284742,0.000117515943363171,-3.14140010709754
1.16655289659896,0.000115433510721804,-3.14140027204952
1.17817491488012,0.000113392855291066,-3.14140044094978
1.18991271986013,0.000111393179776206,-3.1414006139086
1.2017674650873,0.000109433703276234,-3.14140079104001
1.21374031560241,0.000107513660991548,-3.14140097246195
1.22583244805319,0.000105632303936277,-3.14140115829639
1.23804505080996,0.000103788898659256,-3.14140134866957
1.2503793240824,0.00010198272697204,-3.14140154371215
1.26283648003756,0.000100213085682693,-3.14140174355941
1.27541774291891,9.84792863380225e-05,-3.14140194835142
1.28812434916672,9.67806549718584e-05,-3.14140215823334
1.30095754753952,9.51165318605482e-05,-3.14140237335555
1.31391859923688,9.34862712853014e-05,-3.14140259387395
1.32700877802329,9.18892413014623e-05,-3.1414028199502
1.3402293703534,9.03248235149405e-05,-3.14140305175197
1.35358167549843,8.87924128645557e-05,-3.14140328945326
1.36706700567381,8.72914174128098e-05,-3.14140353323464
1.38068668616823,8.58212581425164e-05,-3.14140378328361
1.3944420554738,8.43813687604855e-05,-3.14140403979492
1.40833446541765,8.2971195509377e-05,-3.14140430297093
1.42236528129475,8.1590196984816e-05,-3.14140457302196
1.43653588200209,8.02378439620912e-05,-3.14140485016672
1.45084766017421,7.89136192280487e-05,-3.1414051346327
1.46530202232006,7.761701742156e-05,-3.14140542665662
1.47990038896119,7.63475448818382e-05,-3.14140572648493
1.49464419477141,7.51047195034277e-05,-3.14140603437426
1.50953488871775,7.38880706005191e-05,-3.14140635059202
1.52457393420285,7.26971387783754e-05,-3.14140667541691
1.53976280920881,7.15314758135955e-05,-3.14140700913956
1.55510300644243,7.03906445430074e-05,-3.14140735206315
1.57059603348189,6.92742187617034e-05,-3.14140770450411
1.58624341292491,6.81817831301985e-05,-3.14140806679285
1.60204668253843,6.71129330909533e-05,-3.14140843927454
1.61800739540968,6.60672747957624e-05,-3.14140882230993
1.63412712009883,6.50444250429817e-05,-3.14140921627628
1.65040744079316,6.40440112262044e-05,-3.14140962156825
1.66684995746273,6.30656712940268e-05,-3.14141003859897
1.68345628601762,6.21090537231016e-05,-3.14141046780114
1.70022805846676,6.11738175026664e-05,-3.14141090962814
1.71716692307826,6.02596321341341e-05,-3.14141136455536
1.73427454454146,5.93661776441327e-05,-3.14141183308149
1.75155260413051,5.84931446139639e-05,-3.14141231573
1.76900279986957,5.76402342246049e-05,-3.14141281305071
1.78662684669973,5.68071583203354e-05,-3.14141332562144
1.8044264766475,5.59936394906159e-05,-3.14141385404983
1.82240343899506,5.51994111725228e-05,-3.14141439897532
1.8405595004522,5.44242177754341e-05,-3.14141496107121
1.85889644532987,5.36678148290859e-05,-3.14141554104697
1.8774160757156,5.29299691573438e-05,-3.14141613965071
1.89612021165056,5.22104590801444e-05,-3.14141675767182
1.91501069130848,5.15090746451431e-05,-3.1414173959439
1.93408937117623,5.08256178933326e-05,-3.14141805534788
1.95335812623632,5.0159903159302e-05,-3.14141873681543
1.97281885015117,4.95117574124186e-05,-3.14141944133268
1.99247345544916,4.88810206403838e-05,-3.14142016994428
2.01232387371263,4.82675462802644e-05,-3.1414209237578
2.03237205576772,4.76712017028951e-05,-3.14142170394853
2.05261997187604,4.70918687534913e-05,-3.14142251176478
2.07306961192835,4.65294443575974e-05,-3.14142334853363
2.09372298564007,4.59838411968019e-05,-3.14142421566723
2.11458212274885,4.54549884637989e-05,-3.1414251146698
2.13564907321397,4.49428327041373e-05,-3.1414260471452
2.1569259074179,4.44473387560556e-05,-3.14142701480539
2.17841471636964,4.39684907990294e-05,-3.14142801947966
2.20011761191035,4.35062935242484e-05,-3.1414290631249
2.2220367269208,4.30607734418199e-05,-3.14143014783692
2.24417421553103,4.26319803423579e-05,-3.14143127586303
2.26653225333202,4.22199889316204e-05,-3.141432449616
2.28911303758952,4.18249006613985e-05,-3.14143367168957
2.31191878746,4.14468457826383e-05,-3.14143494487578
2.33495174420869,4.10859856502052e-05,-3.14143627218434
2.35821417142989,4.07425153153186e-05,-3.14143765686419
2.38170835526944,4.04166664446935e-05,-3.1414391024279
2.40543660464934,4.01087106150258e-05,-3.14144061267888
2.42940125149468,3.98189630371531e-05,-3.14144219174223
2.45360465096286,3.95477867749136e-05,-3.14144384409946
2.47804918167499,3.92955975353947e-05,-3.14144557462788
2.50273724594966,3.90628691198745e-05,-3.14144738864533
2.52767127003908,3.88501396431264e-05,-3.14144929196106
2.55285370436744,3.86580186467526e-05,-3.14145129093394
2.5782870237718,3.84871952596512e-05,-3.14145339253902
2.6039737277453,3.83384475861201e-05,-3.14145560444407
2.62991634068274,3.82126535406412e-05,-3.14145793509784
2.65611741212875,3.81108033942521e-05,-3.14146039383214
2.6825795170283,3.8034014353234e-05,-3.14146299098029
2.70930525597976,3.79835475625212e-05,-3.14146573801536
2.73629725549049,3.79608280153183e-05,-3.14146864771172
2.76355816823497,3.79674679620703e-05,-3.14147173433503
2.79109067331547,3.8005294555417e-05,-3.1414750138665
2.81889747652536,3.80763826502286e-05,-3.1414785042688
2.84698131061502,3.81830939133646e-05,-3.14148222580309
2.87534493556041,3.83281237022408e-05,-3.1414862014089
2.90399113883431,3.8514557571097e-05,-3.14149045716194
2.93292273568024,3.87459397917144e-05,-3.14149502282908
2.96214256938919,3.90263569709105e-05,-3.14149993254566
2.99165351157897,3.93605407935114e-05,-3.14150522564738
3.02145846247647,3.97539951908058e-05,-3.14151094770013
3.05156035120269,4.02131549830152e-05,-3.14151715178429
3.08196213606058,4.07455854726274e-05,-3.14152390011073
3.11266680482577,4.13602358689524e-05,-3.14153126607232
3.14367737504022,4.2067764275815e-05,-3.14153933687472
3.17499689430875,4.28809589758719e-05,-3.14154821694665
3.20662844059857,4.38152910252272e-05,-3.14155803241281
3.23857512254174,4.48896485168697e-05,-3.14156893703736
3.2708400797407,4.61273262263006e-05,-3.14158112023434
3.30342648307683,4.75573806309762e-05,3.14159048914418
3.33633753502203,4.92165179989309e-05,3.14157497880742
3.36957646995348,5.11517773573994e-05,3.14155727438738
3.40314655447151,5.3424428217852e-05,3.14153687917239
3.43705108772058,5.61157770774194e-05,3.14151313428907
3.47129340171357,5.93360701579608e-05,3.14148514664417
3.5058768616592,6.32386064426379e-05,3.14145167469463
3.54080486629277,6.80430030338633e-05,3.14141094013977
3.57608084821014,7.40753764274198e-05,3.1413603026975
3.61170827420512,8.18417675140476e-05,3.14129566580896
3.64769064561015,9.21720305723744e-05,3.14121031201397
3.68403149864039,0.000106528100081978,3.14109240786691
3.72073440474126,0.00012774723936162,3.14091898814652
3.75780297093943,0.000162156539471326,3.1406388412736
3.7952408401973,0.000227320728299795,3.14010979908905
3.83305169177101,0.000396915803715799,3.13873553140422
3.87123924157204,0.00191329320025592,3.12645996347486
3.90980724253237,0.000626187484279677,0.00542073836472695
3.94875948497333,0.000260076647536411,0.00245596692999213
3.9880997969781,0.000160573971886752,0.00164914351252395
4.0278320447679,0.000114270195576196,0.00127293620199442
4.06796013308195,8.75488780200039e-05,0.00105525551719847
4.10848800556125,7.01875774452981e-05,0.000913361362865198
4.14941964513608,5.80235349336159e-05,0.000813560214062163
4.1907590744175,4.90431327714363e-05,0.00073955351092368
4.23251035609261,4.21535156396288e-05,0.000682495268761563
4.27467759332388,3.67103014565114e-05,0.000637169412773192
4.31726493015235,3.23089474621359e-05,0.000600301114499897
4.36027655190489,2.86826720015854e-05,0.000569730580279324
4.40371668560556,2.56484211224059e-05,0.000543975709878119
4.44758960039098,2.30764170296765e-05,0.000521985624458869
4.49189960792989,2.08720954018629e-05,0.000502994468777373
4.53665106284695,1.89649246654377e-05,0.00048643091531004
4.58184836315058,1.73012308196122e-05,0.000471860088904363
4.6274959506653,1.58394479699163e-05,0.000458945124897486
4.67359831146816,1.45468888699871e-05,0.000447421030022723
4.7201599763297,1.33974966754143e-05,0.000437076485161654
4.76718552115912,1.23702468655319e-05,0.000427740910491742
4.81467956745409,1.14479900623101e-05,0.000419275099215531
4.86264678275485,1.06166000734018e-05,0.000411564321749629
4.91109188110296,9.86433719010017e-06,0.000404513172164463
4.96001962350457,9.1813658550079e-06,0.000398041664082776
5.0094348183983,8.5593847309016e-06,0.000392082236345679
5.05934232212784,7.99133975527831e-06,0.000386577430357372
5.10974703941915,7.47119924551376e-06,0.000381478069667896
5.16065392386252,6.99377594526609e-06,0.000376741819491389
5.21206797839939,6.55458496654882e-06,0.000372332036768177
5.26399425581399,6.14972945527053e-06,0.000368216844616146
5.31643785922997,5.77580786755678e-06,0.0003643683817045
5.36940394261185,5.42983823740706e-06,0.000360762189152686
5.42289771127156,5.1091959112656e-06,0.00035737670643353
5.47692442238001,4.81156203652616e-06,0.000354192854319044
5.53148938548371,4.53488069813274e-06,0.000351193687828098
5.58659796302663,4.27732305584058e-06,0.000348364105834939
5.64225557087715,4.03725718391664e-06,0.000345690606838533
5.69846767886034,3.81322258304842e-06,0.000343161082549399
5.75523981129549,3.6039085415906e-06,0.000340764642634107
5.81257754753904,3.40813568481333e-06,0.000338491465266872
5.87048652253291,3.22484017761565e-06,0.000336332669158314
5.92897242735823,3.05306014612706e-06,0.000334280203548281
5.9880410097947,2.89192396312364e-06,0.000332326753282849
6.04769807488543,2.74064010566473e-06,0.000330465656622438
6.10794948550743,2.59848834435579e-06,0.000328690833827219
6.1688011629478,2.46481206479079e-06,0.000326996724910196
6.23025908748569,2.33901155519048e-06,0.000325378235209955
6.29232929897995,2.2205381214246e-06,0.000323830687665273
6.35501789746274,2.1088889130019e-06,0.000322349780843623
6.41833104373906,2.00360236192646e-06,0.000320931551932433
6.48227495999211,1.90425415147171e-06,0.000319572344022336
6.54685593039489,1.8104536445492e-06,0.000318268777110435
6.61208030172774,1.7218407117699e-06,0.000317017722341864
6.67795448400206,1.63808290809197e-06,0.00031581627907341
6.74448495109028,1.55887295423918e-06,0.000314661754405277
6.81167824136209,1.48392648529273e-06,0.000313551644878852
6.879540958327,1.41298003404199e-06,0.000312483620073207
6.94807977128334,1.34578922110834e-06,0.000311455507879333
7.01730141597365,1.28212712758475e-06,0.000310465281252182
7.08721269524666,1.22178282915664e-06,0.000309511046270466
7.15782047972586,1.16456007337685e-06,0.000308591031357441
7.22913170848469,1.11027608409753e-06,0.000307703577532546
7.30115338972853,1.05876047909553e-06,0.000306847129579553
7.37389260148342,1.00985428862533e-06,0.000306020228033941
7.44735649229165,9.63409064149747e-07,0.00030522150190116
7.5215522819143,9.19286067766901e-07,0.000304449662028697
7.59648726204076,8.7735553398895e-07,0.00030370349506656
7.6721687970054,8.37495996490627e-07,0.000302981857953035
7.74860432451119,7.99593673291386e-07,0.000302283672876066
7.82580135636076,7.63541904580995e-07,0.00030160792266153
7.90376747919457,7.29240638040144e-07,0.000300953646546102
7.9825103552365,6.96595957070028e-07,0.000300319936300566
8.06203772304691,6.65519647853779e-07,0.000299705932666552
8.1423573982831,6.35928801597124e-07,0.000299110822080205
8.22347727446745,6.07745448690255e-07,0.000298533833655508
8.30540532376313,5.80896221867363e-07,0.000297974236402238
8.38814959775761,5.55312045745129e-07,0.000297431336659869
8.47171822825389,5.3092785038525e-07,0.000296904475725638
8.55611942806975,5.07682306763918e-07,0.000296393027662105
8.64136149184478,4.85517582239583e-07,0.000295896397266476
8.72745279685559,4.64379114299125e-07,0.000295414018189648
8.81440180383912,4.44215401028515e-07,0.000294945351191145
8.90221705782407,4.24977806901034e-07,0.000294489882519022
8.99090718897075,4.06620382611723e-07,0.000294047122404491
9.08048091341916,3.89099697803638e-07,0.000293616603661339
9.17094703414559,3.72374685638235e-07,0.000293197880382968
9.2623144418278,3.56406498259558e-07,0.000292790526727241
9.35459211571865,3.41158372285367e-07,0.000292394135784498
9.44778912452867,3.26595503537089e-07,0.000292008318520173
9.54191462731723,3.12684930290885e-07,0.000291632702787911
9.63697787439268,2.99395424391953e-07,0.000291266932406552
9.73298820822142,2.86697389635098e-07,0.000290910666297345
9.82995506434605,2.74562766862248e-07,0.000290563577675357
9.92788797231267,2.62964945275506e-07,0.00029022535329273
10.0267965566074,2.51878679506525e-07,0.000289895692728874
10.1266905376023,2.41280012021082e-07,0.000289574307724635
10.2275797325105,2.3114620047131e-07,0.000289260921557029
10.3294740563511,2.2145564964085e-07,0.000288955268452073
10.4323835229237,2.12187847655723e-07,0.000288657093032594
10.5363182457922,2.03323306160777e-07,0.000288366149798892
10.6412884392792,1.94843504184327e-07,0.000288082202639818
10.7473044194692,1.86730835435683e-07,0.000287805024372126
10.854376605223,1.78968558800404e-07,0.000287534396306737
10.9625155192013,1.71540751815615e-07,0.000287270107839126
11.0717317888991,1.64432266924376e-07,0.000287011956063101
11.1820361476897,1.57628690323537e-07,0.000286759745406296
11.2934394358801,1.51116303233285e-07,0.000286513287285356
11.4059526017756,1.44882045428967e-07,0.000286272399780282
11.5195867027567,1.38913480887812e-07,0.000286036907326459
11.6343529063649,1.33198765413977e-07,0.000285806640422917
11.7502624914009,1.27726616114678e-07,0.000285581435356358
11.8673268490324,1.22486282610055e-07,0.00028536113393959
11.9855574839141,1.17467519866829e-07,0.000285145583263503
12.1049660153181,1.12660562554379e-07,0.000284934635462009
12.2255641782758,1.08056100828361e-07,0.00028472814748872
12.3473638247314,1.03645257453744e-07,0.00028452598090529
12.4703769247061,9.94195661854785e-08,0.00028432800168004
12.5946155674753,9.53709513298409e-08,0.000284134079996573
12.7200919627559,9.14917084156602e-08,0.00028394409007207
12.8468184419068,8.77744859084257e-08,0.000283757909984153
12.9748074591403,8.42122679054994e-08,0.000283575421506101
13.1040715927465,8.0798357754315e-08,0.000283396509950061
13.2346235463292,7.75263625392816e-08,0.000283221064017579
13.3664761500544,7.43901783868292e-08,0.000283048975657026
13.4996423619112,7.13839765410475e-08,0.000282880139927857
13.6341352689852,6.85021901657582e-08,0.000282714454870698
13.769968088745,6.57395018311868e-08,0.000282551821383832
13.9071541703406,6.30908316465469e-08,0.000282392143104691
14.0457069959158,6.05513260019379e-08,0.000282235326297003
14.1856401819327,5.81163468853509e-08,0.000282081279742644
14.3269674805105,5.57814617427089e-08,0.000281929914638409
14.4697027807763,5.3542433850835e-08,0.00028178114449694
14.6138601102309,5.13952131749972e-08,0.000281634885052188
14.7594536361264,4.93359276845358e-08,0.000281491054168482
14.9064976668593,4.7360875101562e-08,0.000281349571753775
15.0550066533762,4.54665150592348e-08,0.000281210359676113
15.2049951905944,4.36494616476146e-08,0.00028107334168363
15.3564780188359,4.19064763262025e-08,0.000280938443327742
15.509470025276,4.02344611837228e-08,0.00028080559188946
15.6639862454066,3.86304525266633e-08,0.000280674716308428
15.8200418645137,3.70916147792518e-08,0.000280545747114738
15.9776522191699,3.56152346785151e-08,0.000280418616363542
16.1368327987412,3.41987157490216e-08,0.00028029325757178
16.2975992469098,3.28395730427769e-08,0.000280169605657482
16.4599673632111,3.15354281305416e-08,0.000280047596881326
16.6239531045867,3.02840043316612e-08,0.000279927168790015
16.7895725869522,2.90831221701784e-08,0.000279808260162057
16.9568420867814,2.79306950457083e-08,0.000279690810955104
17.1257780427058,2.68247251081707e-08,0.000279574762255252
17.2963970571301,2.57632993261011e-08,0.000279460056228036
17.4687158978635,2.47445857387847e-08,0.000279346636071035
17.6427514997683,2.37668298830473e-08,0.000279234445967982
17.8185209664235,2.28283513859686e-08,0.00027912343104449
17.9960415718061,2.19275407153166e-08,0.000279013537324967
18.1753307619884,2.10628560798911e-08,0.000278904711690952
18.3564061568529,2.02328204723942e-08,0.000278796901840791
18.5392855518237,1.94360188478874e-08,0.000278690056250354
18.7239869196152,1.86710954311591e-08,0.000278584124134892
18.9105284119988,1.79367511467919e-08,0.000278479055412167
19.0989283615865,1.72317411659583e-08,0.000278374800666329
19.2892052836328,1.65548725643238e-08,0.000278271311112915
19.4813778778538,1.59050020857208e-08,0.000278168538564725
19.6754650302656,1.52810340065357e-08,0.000278066435398593
19.8714858150399,1.46819180959949e-08,0.000277964954522901
20.0694594963788,1.41066476678049e-08,0.000277864049345955
20.2694055304078,1.35542577188166e-08,0.00027776367374501
20.4713435670879,1.30238231506074e-08,0.000277663782036088
20.6752934521469,1.25144570700836e-08,0.000277564328944303
20.8812752290297,1.20253091654033e-08,0.000277465269574946
21.089309140868,1.15555641536958e-08,0.000277366559385091
21.2994156324697,1.11044402972458e-08,0.000277268154155714
21.5116153523284,1.0671187984953e-08,0.000277170009964326
21.7259291546523,1.0255088376062e-08,0.000277072083158138
21.9423781014139,9.85545210327797e-09,0.000276974330327642
22.16098346442,9.47161803255095e-09,0.000276876708280563
22.3817667274018,9.10295207692477e-09,0.000276779174016293
22.6047495881267,8.74884606197883e-09,0.000276681684700574
22.8299539605304,8.40871664051969e-09,0.000276584197640582
23.0574019768706,8.08200425428012e-09,0.00027648667026033
23.2871159899021,7.76817214049732e-09,0.00027638906007625
23.5191185750736,7.46670538134292e-09,0.00027629132467316
23.753432532746,7.17710999427615e-09,0.000276193421680337
23.9900808904336,6.89891206148032e-09,0.000276095308747879
24.229086905067,6.63165689662998e-09,0.000275996943523244
24.4704740652785,6.37490824732538e-09,0.000275898283627839
24.7142660937108,6.12824753159753e-09,0.000275799286633919
24.960486949348,5.89127310697463e-09,0.000275699910041406
25.2091608298705,5.66359957066279e-09,0.000275600111254969
25.460312174033,5.44485708946413e-09,0.000275499847561105
25.7139656640662,5.23469075812221e-09,0.000275399076105193
25.9701462281025,5.03275998483924e-09,0.000275297753868705
26.2288790426259,4.83873790277373e-09,0.000275195837646378
26.4901895349461,4.65231080637948e-09,0.000275093284023264
26.7541033856974,4.47317761149809e-09,0.000274990049351948
27.0206465313629,4.30104933816899e-09,0.000274886089729538
27.2898451668228,4.1356486151684e-09,0.000274781360974669
27.5617257479294,3.97670920533077e-09,0.000274675818604386
27.8363149941065,3.82397555075469e-09,0.000274569417810884
28.1136398909757,3.67720233702852e-09,0.000274462113438175
28.393727693008,3.53615407565776e-09,0.000274353859958552
28.676605926203,3.4006047039075e-09,0.000274244611448874
28.9623023907934,3.27033720131199e-09,0.000274134321566724
29.2508451639773,3.14514322213372e-09,0.000274022943526196
29.5422626026775,3.02482274309028e-09,0.000273910430073631
29.8365833463285,2.90918372569433e-09,0.000273796733462976
30.1338363196908,2.79804179258448e-09,0.000273681805430878
30.4340507356937,2.69121991724693e-09,0.000273565597171488
30.7372560983063,2.58854812656277e-09,0.000273448059310963
31.0434822054368,2.48986321563237e-09,0.000273329141881573
31.352759151861,2.39500847435723e-09,0.000273208794295474
31.6651173321802,2.30383342528223e-09,0.000273086965318083
31.980587443808,2.21619357222095e-09,0.000272963603041013
32.2992004899869,2.13195015920968e-09,0.000272838654854584
32.6209877828357,2.05096993935491e-09,0.00027271206741988
32.9459809464265,1.9731249531572e-09,0.000272583786640298
33.2742119198924,1.89829231591421e-09,0.000272453757632575
33.6057129605668,1.82635401382149e-09,0.000272321924697281
33.940516647153,1.75719670840675e-09,0.000272188231288719
34.2786558829265,1.69071154894884e-09,0.000272052619984283
34.620163898968,1.6267939925481e-09,0.000271915032453078
34.9650742574298,1.56534363152911e-09,0.000271775409423992
35.3134208548338,1.50626402786953e-09,0.000271633690653013
35.6652379254028,1.44946255436393e-09,0.000271489814889832
36.020560044425,1.39485024224146e-09,0.000271343719843686
36.3794221316519,1.34234163497063e-09,0.000271195342148441
36.7418594547298,1.2918546479941e-09,0.00027104461732677
37.1079076326664,1.24331043414839e-09,0.000270891479753558
37.4776026393308,1.1966332545331e-09,0.000270735862618343
37.850980806989,1.15175035460504e-09,0.000270577697886798
38.2280788298744,1.10859184528142e-09,0.00027041691626131
38.6089337677943,1.06709058884592e-09,0.000270253447140452
38.9935830497717,1.02718208945976e-09,0.000270087218577376
39.3820644777238,9.88804388088968e-10,0.000269918157237146
39.7744162301771,9.51897961665677e-10,0.000269746188352865
40.1706768660191,9.1640562631079e-10,0.000269571235680572
40.5708853282882,8.82272444450669e-10,0.000269393221452861
40.9750809480008,8.49445635669151e-10,0.000269212066331214
41.3833034480161,8.17874491141565e-10,0.000269027689356893
41.7955929469406,7.87510291505011e-10,0.000268840007900409
42.2119899630704,7.58306228024216e-10,0.000268648937609488
42.6325354183732,7.3021732691862e-10,0.000268454392355408
43.0572706425102,7.03200376722359e-10,0.000268256284177794
43.4862373768975,6.77213858553082e-10,0.000268054523227572
43.9194777788087,6.52217879171863e-10,0.000267849017708193
44.3570344255177,6.28174106720558e-10,0.000267639673814983
44.7989503184827,6.05045709027991e-10,0.000267426395672532
45.2452688875731,5.82797294380821e-10,0.000267209085270005
45.6960339953367,5.61394854659132e-10,0.000266987642394335
46.1512899413111,5.40805710741209e-10,0.000266761964561231
46.6110814663769,5.20998460085499e-10,0.00026653194694376
47.0754537571546,5.01942926401928e-10,0.000266297482298584
47.5444524504455,4.83610111327936e-10,0.000266058460889532
48.0181236377169,4.65972148028776e-10,0.000265814770408622
48.4965138696314,4.49002256643882e-10,0.000265566295894211
48.9796701606224,4.32674701505561e-10,0.000265312919646265
49.4676399935135,4.1696475005809e-10,0.000265054521138522
49.9604713241858,4.01848633409153e-10,0.0002647909769275
50.4582125862907,3.87303508447871e-10,0.000264522160558121
50.960912696009,3.73307421466451e-10,0.000264247942465832
51.4686210568595,3.5983927322513e-10,0.000263968189875019
51.9813875645532,3.4687878540247e-10,0.000263682766693597
52.4992626118971,3.34406468375546e-10,0.000263391533403507
53.0222970937469,3.22403590276572e-10,0.000263094346947004
53.5505424120083,3.10852147274964e-10,0.000262791060608424
54.0840504806892,2.9973483503586e-10,0.000262481523891351
54.6228737310007,2.89035021307871e-10,0.000262165582390807
55.1670651165111,2.78736719595051e-10,0.000261843077660278
55.7166781183488,2.68824563869791e-10,0.000261513847073349
56.2717667504587,2.59283784284984e-10,0.000261177723679601
56.8323855649108,2.50100183845707e-10,0.000260834536054553
57.3985896572612,2.41260116002051e-10,0.000260484108143163
57.970434671966,2.32750463126521e-10,0.000260126259096871
58.5479768078509,2.24558615840625e-10,0.00025976080310353
59.1312728236336,2.16672453157015e-10,0.000259387549209934
59.7203800435018,2.09080323404611e-10,0.000259006301136663
60.3153563627471,2.01771025905578e-10,0.000258616857084728
60.9162602534549,1.94733793374454e-10,0.000258219009533514
61.5231507702498,1.87958275010509e-10,0.000257812545029683
62.1360875561008,1.81434520255979e-10,0.000257397243966425
62.7551308481816,1.75152963193722e-10,0.000256972880352513
63.3803414837906,1.69104407558947e-10,0.00025653922157075
64.0117809063307,1.63280012340684e-10,0.000256096028124861
64.6495111713464,1.57671277949605e-10,0.000255643053374616
65.2935949526239,1.52270032929877e-10,0.000255180043258086
65.9440955483488,1.47068421193432e-10,0.000254706736000529
66.6010768873279,1.42058889756053e-10,0.000254222861809002
67.2646035352718,1.37234176955437e-10,0.000253728142551993
67.9347407011399,1.32587301132231e-10,0.000253222291422868
68.6115542435489,1.28111549755729e-10,0.000252705012586544
69.2951106772455,1.23800468976755e-10,0.000252176000808041
69.9854771796423,1.19647853590843e-10,0.000251634941061945
70.6827215974215,1.1564773739562e-10,0.00025108150812156
71.3869124532004,1.11794383926817e-10,0.000250515366126504
72.0981189522675,1.08082277558095e-10,0.000249936168127207
72.8164109893827,1.0450611495035e-10,0.000249343555605119
73.5418591556462,1.01060796836773e-10,0.000248737157966778
74.2745347454369,9.77414201305467e-11,0.000248116592010194
75.0145097634175,9.45432703425212e-11,0.000247481461361565
75.7618569316125,9.14618142967065e-11,0.000246831355880598
76.5166496965536,8.84926931320156e-11,0.000246165851031965
77.2789622364986,8.56317155790265e-11,0.000245484507220917
78.0488694687213,8.28748515010527e-11,0.00024478686909039
78.8264470568735,8.02182256892765e-11,0.00024407246477688
79.6117714184218,7.76581119020325e-11,0.000243340805122468
80.4049197321573,7.51909271387786e-11,0.000242591382839511
81.2059699457796,7.28132261397073e-11,0.000241823671624948
82.015000783559,7.0521696102228e-11,0.000241037125220137
82.8320917540713,6.83131516060176e-11,0.000240231176412818
83.6573231580131,6.61845297386029e-11,0.000239405235976253
84.4907760960926,6.41328854137915e-11,0.000238558691541404
85.3325324770001,6.21553868756175e-11,0.00023769090639663
86.182675025458,6.02493113807177e-11,0.000236801218209628
87.04128729035,5.84120410524094e-11,0.00023588893766549
87.908453652933,5.66410589000069e-11,0.000234953347014259
88.7842593351285,5.49339449971649e-11,0.000233993698520856
89.668790407899,5.32883728133576e-11,0.000233009212809487
90.5621337997063,5.17021056928292e-11,0.000231999077094096
91.4643773050541,5.01729934756257e-11,0.000230962443285221
92.3756095931172,4.86989692555137e-11,0.000229898425963351
93.2959202164542,4.7278046269949e-11,0.000228806100207049
94.2253996198098,4.5908314917327e-11,0.000227684499264001
95.1641391490022,4.4587939897156e-11,0.000226532612050956
96.1122310599006,4.33151574688622e-11,0.000225349380467918
97.0697685274926,4.20882728252788e-11,0.000224133696509907
98.0368456550396,4.09056575770158e-11,0.000222884399158284
99.0135574833262,3.97657473441713e-11,0.000221600271031538
100,3.86670394520285e-11,0.000220280034773329
