0.005,1.00002336173041,5.33800262249406e-11
0.00504981350745022,1.00002375106115,5.38065276651881e-11
0.00510012329200534,1.000024408385,5.21816431666738e-11
0.00515093429792601,1.00002481447665,5.25923510522632e-11
0.00520225151873108,1.00002522786873,5.30063910013912e-11
0.00525407999768832,1.00002564871622,-1.11753817753442e-11
0.0053064248283101,1.00002607714892,-1.14021223751305e-11
0.00535929115485391,1.00002677911305,5.22885943540278e-11
0.00541268417282796,1.00002722580541,-1.18707969087101e-11
0.00546660912950173,1.00002768054953,-1.21123461261493e-11
0.0055210713244217,1.00002840937696,5.16394754091118e-11
0.00557607610993216,1.00002888333834,-1.26092587564837e-11
0.00563162889170118,1.00002962961646,5.06709271981442e-11
0.00568773512925191,1.00003012345599,5.10424121736536e-11
0.00574440033649908,1.00003062619464,-1.33947549252628e-11
0.00580163008229093,1.00003140267228,5.01310238840558e-11
0.00585942999095646,1.00003192635577,5.04873519889521e-11
0.00591780574285817,1.00003272277795,4.92785780300952e-11
0.00597676307495033,1.00003326814196,4.96207479497305e-11
0.00603630778134278,1.0000340855903,4.84751420323338e-11
0.00609644571387033,1.00003465340066,4.88035671534443e-11
0.00615718278266788,1.00003523144232,4.91324084958353e-11
0.00621852495675124,1.00003581990956,-1.57386042396194e-11
0.00628047826460374,1.00003668572351,4.83408537837399e-11
0.0063430487947687,1.00003729828286,-1.63888328289616e-11
0.00640624269644776,1.00003818811691,1.54300000703201e-11
0.00647006618010524,1.00003882564092,-1.70641766026209e-11
0.00653452551807846,1.00003974061575,1.47214400560866e-11
0.00659962704519415,1.00004066728827,1.40556924217691e-11
0.00666537715939105,1.00004134527107,1.40089575322642e-11
0.00673178232234862,1.00004229890748,1.33519969879628e-11
0.00679884906012213,1.00004300418251,1.32909209361483e-11
0.006866583963784,1.00004372217556,-1.92694565679323e-11
0.0069349936900715,1.0000447195235,1.2561248076886e-11
0.00700408496204102,1.00004573061724,1.19132068822844e-11
0.00707386456972874,1.00004649351889,1.18199080779961e-11
0.00714433937081795,1.00004727017285,-2.08992534781592e-11
0.00721551629131298,1.00004832847083,1.10645089538696e-11
0.00728740232621988,1.00004940191492,1.04170810131957e-11
0.00736000454023386,1.00005049094042,9.77776533614368e-12
0.00743333006843358,1.00005133329892,9.64086159215993e-12
0.00750738611698235,1.00005245613624,8.9986183490835e-12
0.00758217996383635,1.00005333180633,8.84270993607214e-12
0.00765771895945984,1.00005448980387,8.19428158692506e-12
0.00773401052754759,1.00005540002108,-5.72094894801047e-11
0.00781106216575441,1.00005659456595,7.36307075874343e-12
0.007888881446432,1.00005780734645,6.71067449580059e-12
0.00796747601737315,1.00005903881077,6.05909454091768e-12
0.00804685360256332,1.00006002467905,-5.92180676338441e-11
0.00812702200293975,1.00006129568723,5.17919462898669e-12
0.00820798909715805,1.00006258662419,4.51574318765374e-12
0.00828976284236658,1.00006389793766,3.85124032700232e-12
0.00837235127498833,1.00006523008343,3.18501671568874e-12
0.00845576251151083,1.00006658351972,6.66829819582773e-11
0.00854000474928372,1.00006769480822,2.22496055477795e-12
0.00862508626732439,1.00006909267441,1.53921312609704e-12
0.00871101542713163,1.00007051316166,8.49897548763531e-13
0.00879780067350731,1.00007195675973,1.52413902934254e-13
0.00888545053538637,1.00007342393885,-5.4823248062368e-13
0.00897397362667498,1.00007491519883,3.09327008337392e-11
0.00906337864709707,1.00007616611055,-1.63249151903252e-12
0.00915367438304934,1.00007797194395,2.94600504402501e-11
0.00924486970846472,1.00007953844289,2.87213333889405e-11
0.0093369735856845,1.00008113104567,2.79788573078328e-11
0.00942999506633911,1.00008275026622,2.72352108935443e-11
0.00952394329223763,1.00008413183882,-5.37368734568464e-12
0.0096188274962663,1.00008607071032,2.57328857139743e-11
0.00971465700329583,1.00008777302493,2.49715294902288e-11
0.00981144123109783,1.00008950412121,2.42042814278236e-11
0.00990918969127037,1.00009126457645,2.34298164834584e-11
0.0100079119901727,1.0000930549691,-4.19823070813936e-11
0.0101076178298694,1.00009487585942,-4.28622240055471e-11
0.0102083170090839,1.00009672785239,-4.37627848408153e-11
0.0103100194241611,1.00009887640341,1.97102233513529e-11
0.0104127350700406,1.00010079289384,1.88939755655296e-11
0.0105164740412383,1.00010274235048,1.80649191360116e-11
0.010621246532839,1.00010472540454,-4.75679680691814e-11
0.0107270628414978,1.0001070077042,1.58803404581349e-11
0.0108339333664526,1.00010906053273,1.50170883470395e-11
0.0109418686105456,1.0001111489424,-5.06451539086988e-11
0.0110508791812558,1.00011327360558,-5.17179734757414e-11
0.0111609757917411,1.00011570113156,1.18760602659168e-11
0.0112721692618919,1.00011790117455,-5.39333515145706e-11
0.0113844705193934,1.00012040532595,-2.27528010941405e-11
0.0114978906008003,1.00012268371925,-5.62485108762523e-11
0.0116124406526212,1.00012526773292,-2.51133620383403e-11
0.0117281319324142,1.00012789254255,-2.64260486933535e-11
0.0118449758098927,1.00013029472688,-2.75577939129956e-11
0.0119629837680434,1.00013300446892,-2.89100044717457e-11
0.0120821674042547,1.00013549289135,-3.00903814407086e-11
0.012202538431456,1.00013829101811,-3.14887857543628e-11
0.0123241086792694,1.0001411344438,-3.29076319650366e-11
0.0124468900951718,1.00014402413183,3.01775295153182e-11
0.0125708947456694,1.00014696105461,2.86428594375986e-11
0.0126961348174833,1.00014968165538,-3.71328568897763e-11
0.0128226226187472,1.00015271617433,-3.86506957762353e-11
0.0129503705802173,1.00015580085717,-4.01994313587051e-11
0.0130793912564934,1.0001589367238,-4.17744908890916e-11
0.0132096973272534,1.00016212480062,-4.33785838408148e-11
0.0133413015984986,1.00016536614334,-7.73397451851909e-11
0.0134742170038131,1.00016866181875,-7.90176012085609e-11
0.0136084566056342,1.00017201290017,-8.07331309463055e-11
0.0137440335965363,1.00017542048353,-8.24873884759908e-11
0.0138809613005278,1.00017915055002,-1.97734097233377e-11
0.0140192531743598,1.00018240963262,-8.6121710109184e-11
0.0141589228088493,1.00018625893105,-2.33448651069884e-11
0.0142999839302144,1.00018990418604,-2.51801747407489e-11
0.0144424504014236,1.00019387682261,-2.73206410182046e-11
0.0145863362235577,1.00019764829527,-6.15678293461304e-11
0.0147316555371864,1.00020148451315,-9.59737445890001e-11
0.0148784226237576,1.00020565222273,-6.57474805345909e-11
0.0150266519070008,1.00020962224708,-1.00249252972042e-10
0.015176357954345,1.00021392649751,-7.01009085143324e-11
0.0153275554783502,1.00021830093966,-7.24063635099676e-11
0.0154802593381531,1.00022248198047,-7.46413867822423e-11
0.0156344845409276,1.00022700142533,-7.70451245490364e-11
0.0157902462433596,1.00023159545191,-7.94977192693956e-11
0.0159475597531365,1.00023626558337,-8.20000167882233e-11
0.0161064405304516,1.00024101337502,-8.4557678527401e-11
0.0162669041895237,1.00024584039043,-5.48304558427882e-11
0.016428966500131,1.00025074821164,-5.74914484659003e-11
0.0165926433891618,1.00025573844955,-6.02072676792563e-11
0.0167579509421787,1.00026081274742,-1.27736107131246e-10
0.0169249054050005,1.00026597276382,-1.30612535592034e-10
0.0170935231852977,1.00027148553935,-6.88889851081478e-11
0.017263820854206,1.00027682235294,-7.18357506531058e-11
0.017435815147954,1.00028225005706,-1.39674268200493e-10
0.0176095229695087,1.00028803603282,-1.1047723054239e-10
0.017784961390236,1.00029391657085,-1.1376187316309e-10
0.0179621476515789,1.00029962858405,-1.17034683484145e-10
0.0181410991667516,1.00030570437343,-1.20471660089578e-10
0.0183218335224513,1.00031188065638,-1.23986545094523e-10
0.0185043684805857,1.0003178941271,-1.27501153432142e-10
0.0186887219800196,1.0003245429306,-9.89241601854301e-11
0.018874912138337,1.00033076774144,-1.67369015624503e-10
0.019062957253622,1.00033763213169,-1.06532315419853e-10
0.0192528758062573,1.0003443421867,-1.10464404683143e-10
0.01944468646074,1.00035116546794,-1.79263159798209e-10
0.0196384080675158,1.00035836954128,-1.51089005354548e-10
0.0198340596648322,1.00036542627113,-1.55331982838735e-10
0.0200316604806086,1.00037260305566,-1.92092192856439e-10
0.0202312299343268,1.00038016795842,-1.6420281365323e-10
0.020432787638939,1.00038785788106,-1.68837365353309e-10
0.0206363534027952,1.00039567539322,-1.73585496032739e-10
0.0208419472315903,1.00040362306253,-1.46092844826814e-10
0.0210495893303298,1.00041170352896,-1.51074798773601e-10
0.0212593001053159,1.00041991945574,-1.56176882478914e-10
0.0214711001661525,1.00042827353519,-1.61400219034117e-10
0.0216850103277707,1.00043676851514,-2.31547984513911e-10
0.0219010516124748,1.00044567266603,-2.04716908015804e-10
0.0221192452520079,1.00045445808224,-2.10364837847674e-10
0.0223396126896388,1.00046365850088,-2.16217414051137e-10
0.0225621755822688,1.00047301149368,-2.22220035017862e-10
0.0227869558025609,1.00048225473354,-2.28321711712259e-10
0.0230139754410887,1.00049218764452,-2.02333060027598e-10
0.0232432568085075,1.00050201713856,-2.0880634627041e-10
0.023474822437747,1.0005120118789,-2.1544306488993e-10
0.0237086950862261,1.00052217514179,-2.54646405795832e-10
0.0239448977380887,1.00053277579345,-2.61701607928791e-10
0.0241834536064629,1.00054328641357,-2.68897727945044e-10
0.0244243861357424,1.00055424143666,-2.76333738595803e-10
0.0246677190038904,1.00056537896822,-3.16351278010475e-10
0.0249134761247664,1.00057670269877,-3.24191060519603e-10
0.0251616816504768,1.00058821636004,-3.3225121324275e-10
0.025412359973748,1.00059992374685,-3.40533043452106e-10
0.025665535730324,1.00061209434794,-3.1666522848894e-10
0.0259212338013873,1.00062446650371,-2.60698152381614e-10
0.0261794793160042,1.00063677890789,-3.34406689686621e-10
0.0264402976535943,1.0006495666162,-3.76066554137749e-10
0.026703714446425,1.0006625683544,-3.85587834567521e-10
0.0269697555821301,1.000675788405,-3.95379059847959e-10
0.0272384472062543,1.00068949679034,-3.73066936291852e-10
0.0275098157248225,1.00070343231798,-3.18702828516511e-10
0.0277838878069351,1.00071733418573,-3.94078662570253e-10
0.0280606903873884,1.000732003445,-3.7272649039057e-10
0.0283402506693225,1.00074638304371,-4.48736917166611e-10
0.028622596126894,1.00076153967448,-4.27979234521876e-10
0.0289077545079763,1.00077668183633,-4.3992196351639e-10
0.0291957538368868,1.00079207998942,-4.52207408435613e-10
0.0294866224171405,1.00080800501292,-4.97292701562338e-10
0.0297803888342321,1.00082419650093,-5.10339225380289e-10
0.030077081958445,1.00084065981794,-5.23772471002399e-10
0.0303767309476886,1.00085766616189,-5.05207197847925e-10
0.0306793652503638,1.00087495537323,-5.19465440237011e-10
0.0309850146082572,1.00089253320129,-5.01756439842768e-10
0.0312937090594639,1.00091040547646,-5.1686613375881e-10
0.0316054789413397,1.00092857812302,-5.64818727376643e-10
0.0319203548934821,1.0009473228044,-5.16105032109926e-10
0.0322383678607421,1.00096611445361,-5.97386228107635e-10
0.0325595490962649,1.00098575628039,-5.820695463142e-10
0.0328839301645615,1.00100519214399,-6.64391528713079e-10
0.0332115429446105,1.00102549126124,-6.50089611672286e-10
0.0335424196329914,1.00104612892603,-6.36360153202773e-10
0.0338765927470487,1.00106711200426,-6.55592172446256e-10
0.0342140951280873,1.00108844746119,-7.07813912516251e-10
0.0345549599446004,1.00111014236301,-7.2825185358293e-10
0.0348992206955289,1.00113246976874,-7.81756919152849e-10
0.0352469112135536,1.00115517129718,-8.03508376758658e-10
0.0355980656684204,1.00117825447719,-8.58363557974922e-10
0.0359527185702978,1.00120225861773,-7.84313309534229e-10
0.0363109047731692,1.0012261285138,-8.7297215977989e-10
0.0366726594782577,1.00125093519473,-8.65216614709131e-10
0.0370380182374857,1.00127588960026,-8.90632388341623e-10
0.0374070169569686,1.00130153158301,-8.84472860627721e-10
0.0377796919005438,1.00132760391883,-9.43955314760735e-10
0.0381560796933348,1.00135411525887,-9.71902052530233e-10
0.0385362173253498,1.0013813403715,-1.03317918180171e-09
0.0389201421551178,1.00140902243607,-1.06297930656365e-09
0.0393078919133593,1.00143743658033,-1.06133731680969e-09
0.039699504706695,1.0014663263582,-1.0607103359456e-09
0.0400950190213904,1.00149570139435,-1.12592619169237e-09
0.0404944737271382,1.00152557146373,-1.15980598968577e-09
0.0408979080808781,1.00155621255847,-1.22723665193315e-09
0.0413053617306551,1.00158763490145,-1.23099887250954e-09
0.0417168747195159,1.00161958297422,-1.23596852754144e-09
0.042132487489444,1.001652067463,-1.30698396991952e-09
0.0425522408853344,1.00168509921004,-1.34687980832605e-09
0.0429761761590074,1.00171895525697,-1.35570888820373e-09
0.0434043349732631,1.00175338094894,-1.430742948123e-09
0.0438367594059757,1.00178865385597,-1.44239235901244e-09
0.0442734919542283,1.00182451973981,-1.52035803629762e-09
0.0447145755384901,1.00186125667384,-1.53504654393301e-09
0.0451600535068341,1.00189861089062,-1.61615931704821e-09
0.0456099696391971,1.00193659488999,-1.69893718791573e-09
0.0460643681516824,1.00197548756296,-1.7185986424361e-09
0.0465232937009051,1.00201530197992,-1.74005767610782e-09
0.0469867913883809,1.00205578533414,-1.82820455665018e-09
0.0474549067649583,1.00209695119353,-1.91827628702606e-09
0.0479276858352955,1.00213907959876,-1.94549625407468e-09
0.0484051750623811,1.00218218473507,-1.97479700742086e-09
0.048887421372101,1.00222601485946,-2.07108736871014e-09
0.0493744721578492,1.00227058468593,-2.16961072449665e-09
0.0498663752851864,1.00231644177294,-2.14075356653869e-09
0.0503631790965431,1.00236280272986,-2.30883977334933e-09
0.0508649324159716,1.00241021572903,-2.34971269991038e-09
0.0513716845539433,1.00245869684467,-2.425612458995e-09
0.0518834853121949,1.00250826242676,-2.47177284228849e-09
0.0524003849886234,1.00255866280044,-2.58557578117115e-09
0.0529224343822284,1.0026101813507,-2.66985240870053e-09
0.053449684798105,1.00266256908744,-2.72469644811491e-09
0.0539821880524855,1.0027161101208,-2.84753566218463e-09
0.0545199964778318,1.00277082258948,-2.94118771786564e-09
0.0550631629279787,1.00282645853389,-3.0057659180102e-09
0.0556117407833278,1.00288330327754,-3.13872266696604e-09
0.0561657839560938,1.00294137609717,-3.24288178380277e-09
0.0567253468956027,1.00300043014392,-3.31836776792825e-09
0.0572904845936428,1.00306101856791,-3.43023730145419e-09
0.0578612525898692,1.00312236220962,-3.57859600571002e-09
0.0584377069772621,1.0031852816995,-3.69877021089661e-09
0.0590199044076393,1.00324926519226,-3.79088877674786e-09
0.0596079020972235,1.00331460111553,-3.98492828755209e-09
0.0602017578322659,1.00338131177118,-4.08637904393956e-09
0.0608015299747247,1.00344941989566,-4.2252201019198e-09
0.0614072774680008,1.00351868192575,-4.43410778535369e-09
0.0620190598427309,1.00358992195008,-4.45362485976388e-09
0.0626369372226372,1.00366209698725,-4.67338385575479e-09
0.063260970330437,1.00373576529612,-4.80156285225255e-09
0.0638912204938096,1.00381095212751,-4.96819467439424e-09
0.064527749651424,1.00388768324401,-5.20598862149503e-09
0.0651706203590255,1.00396598495816,-5.38535260027741e-09
0.0658198957955834,1.00404588414421,-5.57146421623036e-09
0.0664756397695006,1.00412740822981,-5.76459170892356e-09
0.0671379167248839,1.00421058522313,-5.96501508664306e-09
0.0678067917478773,1.00429571083103,-6.10810504057453e-09
0.068482330573059,1.00438201296143,-6.38894480213342e-09
0.0691645995899009,1.00447032274454,-6.61307253827457e-09
0.0698536658492935,1.00456067076735,-6.81327722997026e-09
0.0705495970701354,1.00465255372752,-7.05484174960688e-09
0.071252461645988,1.00474627057009,-7.30565847833419e-09
0.0719623286517978,1.00484212109678,-7.59858687851702e-09
0.0726792678506841,1.00493987116903,-7.8041015829849e-09
0.0734033497007954,1.00503955463816,-8.11748212380501e-09
0.0741346453622338,1.00514120607327,-8.40923584396779e-09
0.074873226704048,1.00524512828608,-8.67981459689062e-09
0.0756191663112968,1.00535082236414,-9.05960040412896e-09
0.0763725374921823,1.00545886021533,-9.35417936792167e-09
0.077133414285254,1.00556927959253,-9.6615114468057e-09
0.077901871466686,1.00568185138556,-9.98211907664202e-09
0.0786779845576243,1.00579634713088,-1.04140142502672e-08
0.0794618298316102,1.00591334233986,-1.08278307807671e-08
0.0802534843220753,1.0060331460303,-1.11916490105407e-08
0.081053025829912,1.00615499666176,-1.15710788586785e-08
0.0818605329311203,1.00627947274495,-1.20317831310362e-08
0.082676084984529,1.00640635014219,-1.24444246235643e-08
0.0834997621395954,1.00653594156153,-1.29397381428836e-08
0.0843316453442818,1.00666829278145,-1.34209403497843e-08
0.0851718163530112,1.00680318244168,-1.38887983044245e-08
0.086020357734701,1.00694065816233,-1.4441650576008e-08
0.0868773528808787,1.00708103690827,-1.50153316331912e-08
0.0877428860138761,1.00722463696806,-1.55131460920697e-08
0.0886170421951073,1.00737070428822,-1.61636592966531e-08
0.0894999073334278,1.0075200960947,-1.67401733464583e-08
0.0903915681935773,1.0076725973163,-1.73737898462048e-08
0.091292112404707,1.00782799382254,-1.80330234574762e-08
0.0922016284689906,1.00798660975844,-1.87189703690829e-08
0.0931202057703231,1.00814850204517,-1.94327730646934e-08
0.0940479345831043,1.00831372885901,-2.01756271514816e-08
0.094984906081111,1.00848234966318,-2.09813271806432e-08
0.095931212346457,1.00865442525616,-2.18186335374024e-08
0.0968869463786428,1.00883028683975,-2.25912536092559e-08
0.0978522021036951,1.0090094599616,-2.34959197336858e-08
0.0988270743833977,1.00919254774648,-2.43387965622394e-08
0.0998116590246138,1.00937907834171,-2.53493495380965e-08
0.100806052788702,1.00956992748239,-2.62687239038116e-08
0.101810353401026,1.00976408744073,-2.73591364980477e-08
0.102824659560556,1.00996270679748,-2.83944020509317e-08
0.103849070949573,1.0101653195379,-2.95392436503995e-08
0.104883688243462,1.01037226967255,-3.06653068927985e-08
0.105928613120607,1.01058336372055,-3.18397851476805e-08
0.106983948272382,1.01079894930326,-3.30648219552343e-08
0.108049797413246,1.01101856636185,-3.44730194737716e-08
0.109126265290933,1.01124310611493,-3.58385939198222e-08
0.11021345769675,1.01147211212775,-3.7229167309904e-08
0.111311481475969,1.01170621007422,-3.87125122761947e-08
0.112420444538328,1.01194467668991,-4.0291332873931e-08
0.113540455868642,1.01218841222368,-4.19032288103504e-08
0.114671625537505,1.01243723803543,-4.35837672781567e-08
0.115814064712113,1.01269124786983,-4.53034175840918e-08
0.116967885667188,1.01295053767327,-4.71306720654279e-08
0.118133201796012,1.01321520567967,-4.90363118849069e-08
0.119310127621569,1.01348535241463,-5.1056541112591e-08
0.120498778807802,1.01376108081714,-5.31298267769424e-08
0.121699272170979,1.0140427675055,-5.52600780575332e-08
0.122911725691174,1.01433024937727,-5.74840429227846e-08
0.124136258523861,1.01462363693156,-5.98713627336324e-08
0.125372991011625,1.01492331492373,-6.22959329392093e-08
0.126622044695988,1.0152291278933,-6.48931598995203e-08
0.127883542329353,1.01554146639814,-6.76353895042423e-08
0.12915760788707,1.0158607244318,-7.02990865678054e-08
0.130444366579617,1.01618621097939,-7.32492283971824e-08
0.131743944864908,1.01651859779705,-7.63609043176305e-08
0.133056470460718,1.01685801607217,-7.95420846996158e-08
0.134382072357237,1.0172048728315,-8.28318206450971e-08
0.135720880829745,1.0175587608633,-8.63022178829226e-08
0.137073027451418,1.01792036668727,-8.99276161619698e-08
0.138438645106253,1.01828956249996,-9.36826860185085e-08
0.139817868002133,1.01866649672917,-9.76733963915709e-08
0.141210831684012,1.01905132152749,-1.01842490919175e-07
0.142617673047241,1.01944473997933,-1.06100329386589e-07
0.144038530351015,1.01984609206263,-1.10717972002253e-07
0.145473543231967,1.02025636296143,-1.15377408311987e-07
0.146922852717886,1.02067517402879,-1.20350753543934e-07
0.14838660124158,1.0211029722224,-1.2551752646574e-07
0.149864932654872,1.02153993532555,-1.30921624788697e-07
0.151357992242739,1.02198652038408,-1.36541985135362e-07
0.152865926737585,1.02244236564468,-1.42489361486967e-07
0.154388884333671,1.02290821270706,-1.48645576561531e-07
0.155927014701668,1.023383984312,-1.55122786774033e-07
0.157480469003375,1.02387015847312,-1.61902679252652e-07
0.159049399906567,1.02436639268383,-1.69033377107369e-07
0.160633961600007,1.02487400329282,-1.76399640712318e-07
0.162234309808591,1.0253921076544,-1.84248431237533e-07
0.163850601808658,1.02592175946877,-1.92400621676973e-07
0.165482996443441,1.02646291540114,-2.009080181976e-07
0.167131654138685,1.0270158144028,-2.09856432062705e-07
0.168796736918406,1.02758097907261,-2.19234195555451e-07
0.170478408420818,1.0281583854826,-2.2903080504986e-07
0.172176833914412,1.02874829335107,-2.39368694749039e-07
0.173892180314203,1.02935124752737,-2.50174203921175e-07
0.175624616198126,1.02996752360114,-2.61506779145643e-07
0.177374311823611,1.03059740513211,-2.73394502412864e-07
0.179141439144312,1.03124118397201,-2.85900084046466e-07
0.180926171827004,1.03189943935195,-2.98956133648436e-07
0.182728685268653,1.03257220238577,-3.12661949004566e-07
0.184549156613652,1.03325979164598,-3.27085930164065e-07
0.186387764771234,1.03396281497217,-3.4226566025264e-07
0.188244690433046,1.03468161141033,-3.5820798112781e-07
0.190120116090916,1.03541653038432,-3.74856037418405e-07
0.192014226054782,1.03616821270786,-3.92386837578111e-07
0.193927206470808,1.03693646892412,-4.10881158494395e-07
0.195859245339675,1.037722243685,-4.30290529117308e-07
0.197810532535059,1.03852565165943,-4.50734981105663e-07
0.199781259822293,1.03934766466008,-4.7220565190881e-07
0.201771620877207,1.040188423605,-4.94763491060247e-07
0.203781811305169,1.04104836444344,-5.18572824697798e-07
0.205812028660303,1.04192793749379,-5.43570272079299e-07
0.207862472464906,1.0428278914906,-5.69928994674102e-07
0.209933344229057,1.04374842473054,-5.9776083460861e-07
0.212024847470417,1.04469088720821,-6.26917292126564e-07
0.214137187734237,1.04565465844056,-6.57819860150011e-07
0.216270572613551,1.04664112465224,-6.90331693300932e-07
0.218425211769581,1.04765083939681,-7.24588085425691e-07
0.220601316952341,1.04868437588346,-7.60798026289977e-07
0.222799102021447,1.04974232794558,-7.9891193914464e-07
0.225018782967137,1.0508253109945,-8.39254610764196e-07
0.227260577931492,1.05193396312719,-8.81826783464588e-07
0.229524707229878,1.05306923398673,-9.26805295701201e-07
0.231811393372599,1.05423181191767,-9.74344075460232e-07
0.234120861086761,1.05542241157321,-1.02464169879299e-06
0.236453337338361,1.05664206461197,-1.07780877145289e-06
0.238809051354588,1.05789125427914,-1.13406925303705e-06
0.241188234646354,1.05917107324783,-1.19362812494447e-06
0.243591121031046,1.06048264877285,-1.25667247333693e-06
0.246017946655504,1.06182627011274,-1.32357377635938e-06
0.248468950019226,1.06320371866766,-1.39442061051687e-06
0.250944371997813,1.06461565034408,-1.46952249292742e-06
0.253444455866633,1.06606275926898,-1.54927814534209e-06
0.255969447324739,1.06754695587097,-1.63387536471445e-06
0.258519594519007,1.06906873072988,-1.72379669593102e-06
0.261095148068527,1.07062950350809,-1.81928449030672e-06
0.263696361089233,1.07223074794524,-1.92084790495291e-06
0.266323489218776,1.07387369866865,-2.02889588710973e-06
0.268976790641649,1.07555964866332,-2.14387502034233e-06
0.271656526114562,1.0772899531393,-2.26637458489067e-06
0.274362958992064,1.07906603369986,-2.39699592917316e-06
0.277096355252427,1.08088998220552,-2.53618784206058e-06
0.279856983523786,1.08276337187861,-2.68469099095325e-06
0.282645115110538,1.08468725490345,-2.84340915176981e-06
0.285461024020003,1.08666457694107,-3.01290757510557e-06
0.288304986989357,1.08869627020213,-3.19419894936902e-06
0.291177283512823,1.09078487693326,-3.38824402277829e-06
0.294078195869143,1.09293275059054,-3.59599387497343e-06
0.297008009149318,1.09514175443371,-3.81870641474356e-06
0.299967011284625,1.09741448843555,-4.05765249138538e-06
0.302955493074915,1.09975369402768,-4.31416273671312e-06
0.305973748217189,1.10216164842691,-4.58981308750993e-06
0.309022073334467,1.10464140642673,-4.886306053421e-06
0.312100768004933,1.10719651435424,-5.20549010155188e-06
0.315210134791379,1.10982947171524,-5.54955290247759e-06
0.318350479270943,1.11254423197746,-5.92070518922698e-06
0.321522110065131,1.11534404486412,-6.32158656020394e-06
0.324725338870159,1.11823335456796,-6.75499128516933e-06
0.327960480487576,1.12121625895231,-7.22418182679899e-06
0.331227852855205,1.12429748005469,-7.73259004044429e-06
0.33452777707839,1.12748176357789,-8.28435229742174e-06
0.33786057746155,1.13077390836862,-8.88395667686237e-06
0.341226581540053,1.13418041237045,-9.53638391987347e-06
0.344626120112405,1.13770663352658,-1.02474663226987e-05
0.348059527272757,1.1413600607364,-1.1023432978831e-05
0.351527140443741,1.1451474705979,-1.18717176000433e-05
0.355029300409631,1.14907693887068,-1.28006457298888e-05
0.358566351349832,1.15315727787534,-1.38195258650179e-05
0.362138640872704,1.15739779942099,-1.49392267254209e-05
0.365746520049729,1.16180908474776,-1.61720957768372e-05
0.369390343450007,1.16640245081156,-1.7532447420625e-05
0.373070469175105,1.17119043044863,-1.90367251574077e-05
0.376787258894247,1.17618797173068,-2.07038769199587e-05
0.380541077879862,1.18141028514667,-2.25560970655837e-05
0.384332295043479,1.18687477659328,-2.4619443813175e-05
0.38816128297198,1.19260170780676,-2.69240660340638e-05
0.392028417964223,1.19861318663811,-2.95058131458753e-05
0.395934080068015,1.204934641491,-3.24070598144682e-05
0.399878653117467,1.21159466356878,-3.5678255797079e-05
0.403862524770718,1.21862673009309,-3.93797730327324e-05
0.407886086548024,1.22606860973453,-4.35844475065119e-05
0.411949733870244,1.23396372058959,-4.83805009529897e-05
0.416053866097697,1.24236460947588,-5.38755889311128e-05
0.420198886569407,1.25133096030088,-6.02022358874717e-05
0.424385202642747,1.26093423554668,-6.75249071492977e-05
0.428613225733468,1.27125968195664,-7.6049317918266e-05
0.432883371356135,1.28240952863219,-8.60355445874198e-05
0.437196059164961,1.29450889909622,-9.78156839429703e-05
0.441551712995045,1.30771071580386,-0.000111819307334055
0.445950760904032,1.32220567695784,-0.00012860872129821
0.450393635214177,1.33823420230159,-0.000148931398972932
0.454880772554832,1.35610440596993,-0.000173796771932908
0.459412613905356,1.37621602172139,-0.000204594081648296
0.463989604638456,1.39910109749403,-0.000243274990497245
0.468612194563952,1.42548118589781,-0.000292648653730449
0.473280837972988,1.45636096256632,-0.000356873085837191
0.477995993682671,1.49318477724728,-0.000442308407190225
0.482758125081168,1.5381055673449,-0.00055907379664841
0.487567700173245,1.59448005190557,-0.000724057996098398
0.492425191626258,1.6678538487134,-0.000967181915524901
0.497331076816609,1.76809372755629,-0.00134568712123689
0.502285837876655,1.91461356187295,-0.00198097790513953
0.507289961742096,2.15162384534962,-0.00317142626433781
0.512343940199829,2.60631230754856,-0.00584272553838101
0.517448269936273,3.85553840869016,-0.0144982987387306
0.522603452586187,23.7484655103996,-0.177232752173421
0.527809994781971,2.22977723913561,-3.09625166345939
0.533068408203444,0.380687809311469,-3.08210354221625
0.538379209628148,0.185040891733586,-0.0537629400327562
0.54374292098212,0.461165315564268,-0.012275540441703
0.549160069391189,0.626862398276038,-0.00590489546929848
0.554631187232785,0.738594542220835,-0.00357287869478476
0.560156812188255,0.820022241584798,-0.00243417283540839
0.565737487295701,0.882788726275417,-0.00178569825926669
0.571373761003355,0.933291856049955,-0.00137851252491969
0.577066187223475,0.975341378548048,-0.00110480877804598
0.582815325386781,1.01134916382566,-0.000911310681958718
0.588621740497433,1.04291906150837,-0.000769084571977123
0.594486003188559,1.07115942635164,-0.000661256709375345
0.600408689778335,1.0968644465366,-0.000577420071064473
0.606390382326625,1.12061837528287,-0.000510859362864582
0.612431668692179,1.14286092164329,-0.000457077122455717
0.61853314259041,1.1639339023608,-0.000412964555616172
0.624695403651737,1.18410572378446,-0.000376314931994242
0.630919057480521,1.20359216188008,-0.000345525025567705
0.637204715714579,1.22257033076478,-0.000319406425190813
0.643552996085292,1.24118842305749,-0.000297062423666458
0.649964522478314,1.25957113422706,-0.000277805809528284
0.656439924994885,1.27782736132614,-0.000261102294301232
0.662979840013756,1.29605210370679,-0.000246531464555705
0.669584910253729,1.31433122051383,-0.000233758708507579
0.676255784836825,1.33274253187725,-0.000222514969597768
0.68299311935207,1.35135767129666,-0.000212581959021809
0.689797575919929,1.37024501996449,-0.000203781020262289
0.696669823257376,1.38946961445664,-0.000195965012010742
0.70361053674361,1.40909468120001,-0.000189011794041706
0.710620398486436,1.42918257776764,-0.000182819578540687
0.717700097389293,1.44979563178408,-0.000177302936392507
0.724850329218959,1.47099744992006,-0.000172389810895335
0.732071796673927,1.49285260345044,-0.000168019542381086
0.73936520945347,1.51542840262696,-0.00016414065712065
0.746731284327378,1.53879450872763,-0.000160709291180178
0.754170745206409,1.56302358256417,-0.000157688642715741
0.761684323213425,1.58819502050445,-0.000155047202481583
0.769272756755247,1.61439104759829,-0.000152758499767759
0.776936791595223,1.64170114460894,-0.000150800378628661
0.784677180926518,1.67022185438704,-0.000149154308201885
0.792494685446138,1.7000578635106,-0.000147805171836185
0.800390073429685,1.7313225126529,-0.000146741131647207
0.808364120806859,1.76414053486376,-0.000145952892962061
0.81641761123772,1.79864899801464,-0.000145433897598054
0.824551336189696,1.83499914338104,-0.0001451801614696
0.832766095015371,1.87335852297005,-0.000145190004743318
0.841062695031038,1.91391350106983,-0.00014546435373627
0.849441951596046,1.95687219862092,-0.000146006634368929
0.857904688192917,2.00246980492454,-0.000146822713443959
0.866451736508292,2.05096741124013,-0.000147921315629328
0.875083936514654,2.10266217199185,-0.000149314507629638
0.883802136552883,2.15789474025486,-0.000151016854683745
0.892607193415623,2.21704858572535,-0.000153047445712689
0.901499972431489,2.28056797365931,-0.000155429297690996
0.910481347550107,2.34896280924482,-0.000158190141606565
0.919552201428001,2.42282551849534,-0.000161363949789787
0.928713425515341,2.5028457520414,-0.000164991134688824
0.937965920143547,2.58983584859391,-0.000169120434164686
0.947310594613772,2.68475304065086,-0.00017381085244105
0.956748367286265,2.78874042910379,-0.000179133506055341
0.966280165670624,2.90316706591087,-0.000185175116342477
0.975906926516951,3.02969501176003,-0.000192041381980369
0.985629595907907,3.1703535327328,-0.000199863092467509
0.99544912935169,3.32765633432284,-0.000208802946270957
1.00536649187595,3.50475237629109,-0.000219065518885732
1.0153826581226,3.70562624505308,-0.000230911513945349
1.02549861244364,3.93541863458063,-0.000244678212830297
1.03571534899787,4.2008703367119,-0.000260808612251385
1.04603387184859,4.51098536263803,-0.000279896057838688
1.0564551950623,4.87808356693539,-0.000302753884778492
1.06698034280831,5.31947093114992,-0.000330526819601186
1.07761034945945,5.86027385017895,-0.000364876993262798
1.0883462596937,6.53836889799797,-0.000408313931421521
1.09918912859683,7.4137026484116,-0.000464811164798177
1.11014002176615,8.58703849166331,-0.000541052245644812
1.12120001541515,10.2419864967723,-0.000649216400880105
1.13237019647937,12.7519575526311,-0.000814081259231435
1.14365166272311,17.0108632701915,-0.00109497331844953
1.15504552284742,25.8261151528388,-0.00167821727054531
1.16655289659896,54.928485353862,-0.00360789573341928
1.17817491488012,359.79648776742,-3.11767011328026
1.18991271986013,41.2336781636468,-3.13881398258777
1.2017674650873,21.6274171074404,-3.14011311527471
1.21374031560241,14.5432817184508,-3.14058101568506
1.22583244805319,10.8876231879032,-3.14082123766825
1.23804505080996,8.65581612998684,-3.14096681900828
1.2503793240824,7.15108063614955,-3.14106398878326
1.26283648003756,6.06743791059149,-3.1411330387183
1.27541774291891,5.24944032459198,-3.1411842654074
1.28812434916672,4.60973008442233,-3.14122344331403
1.30095754753952,4.09542798496396,-3.14125405560341
1.31391859923688,3.67264383791657,-3.1412783217476
1.32700877802329,3.31866135635466,-3.14129771390427
1.3402293703534,3.01767267910239,-3.14131324076948
1.35358167549843,2.75833308561023,-3.14132560816819
1.36706700567381,2.5322874278372,-3.14133531568365
1.38068668616823,2.33324295251442,-3.14134271582822
1.3944420554738,2.15636282455752,-3.14134805290169
1.40833446541765,1.99786633796575,-3.14135148581731
1.42236528129475,1.85474738735891,-3.14135310427284
1.43653588200209,1.72458264381522,-3.14135293582238
1.45084766017421,1.60539052456652,-3.14135094921764
1.46530202232006,1.49552803658132,-3.14134705308037
1.47990038896119,1.39361487563086,-3.14134108937468
1.49464419477141,1.29847485796462,-3.14133282189991
1.50953488871775,1.20909113435719,-3.14132191709358
1.52457393420285,1.12457009033028,-3.14130791546256
1.53976280920881,1.04411229488579,-3.14129018795685
1.55510300644243,0.966987975308563,-3.14126786938933
1.57059603348189,0.892515501253171,-3.14123975529223
1.58624341292491,0.820041571245173,-3.14120413685667
1.60204668253843,0.748921825375742,-3.1411585275279
1.61800739540968,0.678500692479483,-3.14109918973571
1.63412712009883,0.608088762118074,-3.14102026938064
1.65040744079316,0.536936222076268,-3.14091210186068
1.66684995746273,0.464199349985946,-3.14075759441557
1.68345628601762,0.38889707773941,-3.14052355456518
1.70022805846676,0.309850682027973,-3.14013625883031
1.71716692307826,0.225599611055215,-3.13939343685124
1.73427454454146,0.134277936496695,-3.13747221898352
1.75155260413051,0.0334298947443425,-3.12283936655889
1.76900279986957,0.0803095938701189,-0.00900587241770026
1.78662684669973,0.211631992515014,-0.00402666970911107
1.8044264766475,0.367458900386795,-0.00280179226148004
1.82240343899506,0.558387868066402,-0.00229692694228293
1.8405595004522,0.80160285612333,-0.00207220374698606
1.85889644532987,1.12700853711526,-0.00200940011787789
1.8774160757156,1.59175860106938,-0.00208382260588319
1.89612021165056,2.32059150582445,-0.0023329511388014
1.91501069130848,3.64790429206948,-0.00291243736496379
1.93408937117623,6.87804155575837,-0.00447553472719123
1.95335812623632,27.0861664595576,-0.0146621061784478
1.97281885015117,17.7285570668362,-3.13347763518809
1.99247345544916,7.24322603180311,-3.13875156267857
2.01232387371263,4.75038465893245,-3.13997865546094
2.03237205576772,3.62934749988478,-3.14051515588474
2.05261997187604,2.99006659681396,-3.14081152134933
2.07306961192835,2.57583126564285,-3.14099725633049
2.09372298564007,2.28500620029624,-3.14112338054773
2.11458212274885,2.06929737332297,-3.14121397778912
2.13564907321397,1.9028182732089,-3.14128185408177
2.1569259074179,1.77044533749264,-3.14133442275566
2.17841471636964,1.66275319182832,-3.14137625865073
2.20011761191035,1.57356522692975,-3.14141032915884
2.2220367269208,1.49866752065375,-3.14143863947434
2.24417421553103,1.43509176357689,-3.14146258946928
2.26653225333202,1.38068922495154,-3.14148318619527
2.28911303758952,1.33387124259263,-3.1415011719955
2.31191878746,1.29344275711325,-3.14151710660072
2.33495174420869,1.25849250415537,-3.14153142114469
2.35821417142989,1.22831997887396,-3.14154445410249
2.38170835526944,1.20238385240268,-3.14155647695115
2.40543660464934,1.18026683731369,-3.14156771169856
2.42940125149468,1.16165048886352,-3.14157834410801
2.45360465096286,1.14629756709508,-3.14158853325782
2.47804918167499,1.13403991060896,3.14158688825337
2.50273724594966,1.12477002077703,3.14157717955203
2.52767127003908,1.11843616935608,3.14156752955715
2.55285370436744,1.11504032447227,3.14155782400624
2.5782870237718,1.11463872658285,3.14154794859756
2.6039737277453,1.11734507924353,3.14153778502706
2.62991634068274,1.1233366240713,3.14152720622534
2.65611741212875,1.1328640849346,3.14151607172597
2.6825795170283,1.14626596605273,3.14150422154858
2.70930525597976,1.16398908255636,3.14149146826378
2.73629725549049,1.18661778310202,3.14147758679088
2.76355816823497,1.21491534176129,3.1414623007283
2.79109067331547,1.24988396275191,3.1414452624734
2.81889747652536,1.29285232783185,3.14142602535101
2.84698131061502,1.34560782029208,3.14140400116936
2.87534493556041,1.4105995582887,3.14137839612381
2.90399113883431,1.49126267580067,3.14134810831687
2.93292273568024,1.59255659404119,3.14131155784038
2.96214256938919,1.72190033108642,3.14126639212099
2.99165351157897,1.89089650394618,3.14120894287444
3.02145846247647,2.11874427431908,3.14113315113639
3.05156035120269,2.43964756238012,3.14102823461045
3.08196213606058,2.92100286654465,3.14087296015664
3.11266680482577,3.71649609104368,3.14061892527191
3.14367737504022,5.26915479224601,3.14012662044932
3.17499689430875,9.59723679751498,3.13876052810664
3.20662844059857,83.2804144280359,3.11555314272338
3.23857512254174,11.4792146431562,0.00379824844062537
3.2708400797407,5.16827523872246,0.0018081592935046
3.30342648307683,3.25236925126942,0.00120208676020326
3.33633753502203,2.32873214805318,0.000908561347892048
3.36957646995348,1.78661072238295,0.00073526466944727
3.40314655447151,1.43109256132112,0.000620818044930467
3.43705108772058,1.18066856537551,0.000539551075111007
3.47129340171357,0.995238531718429,0.000478833031407019
3.5058768616592,0.852776781224372,0.000431724294042169
3.54080486629277,0.740183627904748,0.000394096373102388
3.57608084821014,0.649179214787582,0.000363338586202297
3.61170827420512,0.574274888734977,0.000337719351405152
3.64769064561015,0.51168910884229,0.000316044916012095
3.68403149864039,0.458731539776013,0.000297465157849723
3.72073440474126,0.413436875640056,0.000281358529876856
3.75780297093943,0.374336179560024,0.000267259947037226
3.7952408401973,0.340309534294816,0.000254814316854482
3.83305169177101,0.310488619048321,0.000243745978291568
3.87123924157204,0.284189829399269,0.000233837471433985
3.90980724253237,0.260867819866937,0.000224915028580031
3.94875948497333,0.24008249162848,0.000216838212387374
3.9880997969781,0.221474615574588,0.000209492002823391
4.0278320447679,0.204748370672099,0.000202781530019625
4.06796013308195,0.189657951305022,0.000196627783586029
4.10848800556125,0.175997437801122,0.000190964327773139
4.14941964513608,0.163593143646022,0.000185734999404642
4.1907590744175,0.152297576545148,0.000180891932673244
4.23251035609261,0.141984708784767,0.000176394132557957
4.27467759332388,0.132546246895386,0.000172206188866988
4.31726493015235,0.123888651154802,0.000168297440514561
4.36027655190489,0.115930752279048,0.000164641156046713
4.40371668560556,0.108601770491811,0.000161213966988841
4.44758960039098,0.101839743446084,0.000157995266557125
4.49189960792989,0.0955902130125507,0.00015496693759772
4.53665106284695,0.0898051161000941,0.00015211283799143
4.58184836315058,0.0844419291647953,0.000149418659796898
4.6274959506653,0.0794628735364124,0.00014687163010282
4.67359831146816,0.0748342995171161,0.000144460319351307
4.7201599763297,0.0705261479622915,0.000142174432884721
4.76718552115912,0.0665114745709315,0.000140004694882068
4.81467956745409,0.0627661029614585,0.000137942764516458
4.86264678275485,0.0592682481805122,0.000135981051874724
4.91109188110296,0.0559982587666406,0.000134112692885977
4.96001962350457,0.0529383649820082,0.000132331428980128
5.0094348183983,0.0500724548785653,0.000130631544826323
5.05934232212784,0.0473859034745554,0.000129007805912524
5.10974703941915,0.0448654033126108,0.000127455462904079
5.16065392386252,0.0424988280900637,0.000125970129804833
5.21206797839939,0.0402750997714648,0.000124547735709538
5.26399425581399,0.0381840972887295,0.000123184621299652
5.31643785922997,0.0362165426574744,0.000121877322180563
5.36940394261185,0.0343639292433487,0.000120622687313985
5.42289771127156,0.0326184406089628,0.000119417765567258
5.47692442238001,0.030972888674077,0.000118259863895491
5.53148938548371,0.029420651906407,0.000117146458350758
5.58659796302663,0.0279556211096403,0.000116075180050511
5.64225557087715,0.026572158176129,0.000115043859255685
5.69846767886034,0.0252650513967646,0.000114050464156647
5.75523981129549,0.0240294737207799,0.000113093089486467
5.81257754753904,0.022860957026764,0.00011216995996581
5.87048652253291,0.0217553541229555,0.000111279416914735
5.92897242735823,0.0207088170449965,0.000110419896147858
5.9880410097947,0.0197177680161923,0.000109589938438821
6.04769807488543,0.0187788817002961,0.000108788187819889
6.10794948550743,0.0178890595150931,0.000108013338400971
6.1688011629478,0.0170454156025277,0.000107264178903356
6.23025908748569,0.0162452593228487,0.000106539583274842
6.29232929897995,0.0154860790962929,0.000105838472484629
6.35501789746274,0.0147655279827701,0.000105159825830438
6.41833104373906,0.0140814132671891,0.000104502689247048
6.48227495999211,0.0134316836573135,0.000103866161064843
6.54685593039489,0.0128144188565053,0.000103249376628808
6.61208030172774,0.0122278200342267,0.000102651532121645
6.67795448400206,0.0116702013201412,0.000102071860197335
6.74448495109028,0.0111399816867192,0.000101509644790449
6.81167824136209,0.0106356763027498,0.000100964173291685
6.879540958327,0.0101558916083013,0.000100434804588567
6.94807977128334,0.00969931840024521,9.99209135490913e-05
7.01730141597365,0.00926472522854091,9.94219082907217e-05
7.08721269524666,0.0088509543664237,9.89372285207335e-05
7.15782047972586,0.00845691519414682,9.8466330622459e-05
7.22913170848469,0.00808158186994484,9.80087091710926e-05
7.30115338972853,0.00772398733935081,9.75638796125441e-05
7.37389260148342,0.0073832201962817,9.71313780123544e-05
7.44735649229165,0.00705842081179232,9.67107562340407e-05
7.5215522819143,0.00674877842352728,9.63015961215572e-05
7.59648726204076,0.00645352764932044,9.59034867396599e-05
7.6721687970054,0.00617194598381091,9.55160504967216e-05
7.74860432451119,0.00590335039349445,9.51389111374166e-05
7.82580135636076,0.00564709600937145,9.47717151546954e-05
7.90376747919457,0.005402572704799,9.44141298171642e-05
7.9825103552365,0.00516920357062979,9.40658247209981e-05
8.06203772304691,0.00494644281631301,9.37264889333182e-05
8.1423573982831,0.00473377389332526,9.33958314466586e-05
8.22347727446745,0.00453070750110185,9.30735535772463e-05
8.30540532376313,0.00433678040091045,9.2759391178482e-05
8.38814959775761,0.00415155367918714,9.24530770522528e-05
8.47171822825389,0.00397461123433242,9.2154357728118e-05
8.55611942806975,0.00380555864188333,9.18629878417653e-05
8.64136149184478,0.00364402185648327,9.15787382155702e-05
8.72745279685559,0.00348964596004253,9.13013768977888e-05
8.81440180383912,0.00334209423395642,9.10306946073795e-05
8.90221705782407,0.00320104696569372,9.07664736531563e-05
8.99090718897075,0.0030662007118484,9.05085186355849e-05
9.08048091341916,0.00293726720104253,9.02566342640306e-05
9.17094703414559,0.00281397255477425,9.00106336595186e-05
9.2623144418278,0.00269605666124397,8.97703378360209e-05
9.35459211571865,0.0025832720855705,8.95355703481088e-05
9.44778912452867,0.00247538370552181,8.93061630347731e-05
9.54191462731723,0.00237216797391144,8.9081955575352e-05
9.63697787439268,0.00227341220045703,8.8862794963306e-05
9.73298820822142,0.00217891397487047,8.86485224463241e-05
9.82995506434605,0.00208848082162832,8.84389967696612e-05
9.92788797231267,0.00200192942342909,8.82340741031494e-05
10.0267965566074,0.00191908531354667,8.80336201112103e-05
10.1266905376023,0.0018397823930644,8.78375045165035e-05
10.2275797325105,0.00176386236600206,8.76455914630742e-05
10.3294740563511,0.00169117454502818,8.74577623705038e-05
10.4323835229237,0.00162157531446267,8.72738959747928e-05
10.5363182457922,0.00155492783650028,8.70938769629832e-05
10.6412884392792,0.00149110164315229,8.69175892401199e-05
10.7473044194692,0.00142997239871354,8.6744926396892e-05
10.854376605223,0.00137142155148841,8.65757804224288e-05
10.9625155192013,0.00131533603819148,8.64100508744362e-05
11.0717317888991,0.00126160800566536,8.62476350144319e-05
11.1820361476897,0.00121013460343707,8.60884357706162e-05
11.2934394358801,0.00116081766289916,8.59323622340111e-05
11.4059526017756,0.00111356351886654,8.57793166455283e-05
11.5195867027567,0.0010682828042999,8.56292159071189e-05
11.6343529063649,0.00102489017919107,8.54819699922447e-05
11.7502624914009,0.000983304185736316,8.53374953854466e-05
11.8673268490324,0.000943447041364915,8.51957100593288e-05
11.9855574839141,0.000905244487280271,8.50565357253774e-05
12.1049660153181,0.000868625568309342,8.49198899282745e-05
12.2255641782758,0.00083352254047166,8.47857024142322e-05
12.3473638247314,0.000799870658990693,8.46538963292418e-05
12.4703769247061,0.000767608076161998,8.45243982695746e-05
12.5946155674753,0.00073667570264864,8.43971439697516e-05
12.7200919627559,0.00070701704465321,8.42720606386446e-05
12.8468184419068,0.000678578115098067,8.41490821902299e-05
12.9748074591403,0.000651307308857637,8.40281421061327e-05
13.1040715927465,0.000625155292157226,8.39091787953919e-05
13.2346235463292,0.000600074895286215,8.37921300941545e-05
13.3664761500544,0.00057602100125067,8.36769327360584e-05
13.4996423619112,0.000552950480255762,8.35635305303831e-05
13.6341352689852,0.000530822069330747,8.3451863946288e-05
13.769968088745,0.000509596305261558,8.33418764031594e-05
13.9071541703406,0.000489235432482437,8.32335127698517e-05
14.0457069959158,0.00046970333160746,8.31267174203092e-05
14.1856401819327,0.000450965441369088,8.30214377015261e-05
14.3269674805105,0.000432988691182316,8.29176218336701e-05
14.4697027807763,0.000415741432479351,8.28152164176545e-05
14.6138601102309,0.000399193375663528,8.27141749838e-05
14.7594536361264,0.000383315527984852,8.26144446779226e-05
14.9064976668593,0.00036808013462755,8.2515979592558e-05
15.0550066533762,0.000353460629281478,8.24187306485234e-05
15.2049951905944,0.000339431573403232,8.23226518617191e-05
15.3564780188359,0.000325968612159275,8.22276978240968e-05
15.509470025276,0.00031304842247869,8.21338215600846e-05
15.6639862454066,0.000300648672969003,8.20409816225527e-05
15.8200418645137,0.000288747972630162,8.19491327032757e-05
15.9776522191699,0.00027732583488913,8.18582308475371e-05
16.1368327987412,0.000266362640041111,8.17682366421929e-05
16.2975992469098,0.000255839589725509,8.16791054150502e-05
16.4599673632111,0.000245738677813086,8.15907983461059e-05
16.6239531045867,0.000236042652422868,8.15032729654417e-05
16.7895725869522,0.000226734985957956,8.14164907120164e-05
16.9568420867814,0.000217799840472304,8.13304115888932e-05
17.1257780427058,0.000209222041608392,8.12449974063593e-05
17.2963970571301,0.000200987044312832,8.11602076577742e-05
17.4687158978635,0.000193080913289445,8.10760057667283e-05
17.6427514997683,0.000185490290678389,8.09923538926868e-05
17.8185209664235,0.000178202372963324,8.09092140854037e-05
17.9960415718061,0.000171204890243963,8.08265502857196e-05
18.1753307619884,0.000164486077440349,8.07443251884935e-05
18.3564061568529,0.000158034658632475,8.06625022587665e-05
18.5392855518237,0.000151839822977185,8.0581046270661e-05
18.7239869196152,0.00014589120585386,8.04999207587474e-05
18.9105284119988,0.00014017887002495,8.04190903485891e-05
19.0989283615865,0.000134693287039384,8.03385206268508e-05
19.2892052836328,0.000129425320287961,8.02581757823007e-05
19.4813778778538,0.000124366208548014,8.01780207985468e-05
19.6754650302656,0.000119507550366577,8.00980217875734e-05
19.8714858150399,0.000114841287955659,8.00181439438232e-05
20.0694594963788,0.000110359694045378,7.99383534070104e-05
20.2694055304078,0.000106055356386695,7.98586148735789e-05
20.4713435670879,0.000101921166285275,7.97788947682179e-05
20.6752934521469,9.79503052231394e-05,7.96991592322695e-05
20.8812752290297,9.41362322881846e-05,7.96193739442827e-05
21.089309140868,9.04726729665842e-05,7.9539504807428e-05
21.2994156324697,8.69536084356007e-05,7.94595187418823e-05
21.5116153523284,8.35732638676883e-05,7.93793812729745e-05
21.7259291546523,8.03260996095295e-05,7.92990583812078e-05
21.9423781014139,7.72068005167996e-05,7.92185164820039e-05
22.16098346442,7.4210266588578e-05,7.91377212420966e-05
22.3817667274018,7.13316050041611e-05,7.90566387125982e-05
22.6047495881267,6.85661203741858e-05,7.89752349742289e-05
22.8299539605304,6.59093076020213e-05,7.88934763644323e-05
23.0574019768706,6.33568429574374e-05,7.88113268776323e-05
23.2871159899021,6.09045780548502e-05,7.87287538057767e-05
23.5191185750736,5.85485311889717e-05,7.86457217035058e-05
23.753432532746,5.62848813789995e-05,7.85621966490532e-05
23.9900808904336,5.4109961344209e-05,7.84781423322288e-05
24.229086905067,5.20202516349437e-05,7.83935247345504e-05
24.4704740652785,5.00123739989078e-05,7.83083080214206e-05
24.7142660937108,4.80830860864024e-05,7.82224572116266e-05
24.960486949348,4.6229275697148e-05,7.8135935578087e-05
25.2091608298705,4.44479555451893e-05,7.80487079510716e-05
25.460312174033,4.27362578379712e-05,7.79607373544241e-05
25.7139656640662,4.10914300840305e-05,7.78719873961162e-05
25.9701462281025,3.95108296633235e-05,7.77824210221656e-05
26.2288790426259,3.79919198085784e-05,7.7692000685727e-05
26.4901895349461,3.65322652220639e-05,7.76006891757054e-05
26.7541033856974,3.51295277841525e-05,7.75084478687598e-05
27.0206465313629,3.37814628079494e-05,7.74152386948701e-05
27.2898451668228,3.24859152670811e-05,7.73210227835194e-05
27.5617257479294,3.12408159802096e-05,7.72257608219842e-05
27.8363149941065,3.00441781965619e-05,7.71294126666998e-05
28.1136398909757,2.88940944665997e-05,7.70319388431632e-05
28.393727693008,2.77887330974713e-05,7.69332977644878e-05
28.676605926203,2.67263354116496e-05,7.68334489308756e-05
28.9623023907934,2.57052125965403e-05,7.67323501240971e-05
29.2508451639773,2.47237429571263e-05,7.66299591950947e-05
29.5422626026775,2.37803692862502e-05,7.65262336859448e-05
29.8365833463285,2.28735960650279e-05,7.64211292626346e-05
30.1338363196908,2.20019872592558e-05,7.63146026299148e-05
30.4340507356937,2.11641636716496e-05,7.62066083641192e-05
30.7372560983063,2.03588008266448e-05,7.60971014765181e-05
31.0434822054368,1.95846267378775e-05,7.59860359681081e-05
31.352759151861,1.884041973066e-05,7.58733649954859e-05
31.6651173321802,1.81250065000246e-05,7.57590406669188e-05
31.980587443808,1.74372601846057e-05,7.56430150615463e-05
32.2992004899869,1.67760984453377e-05,7.55252391561039e-05
32.6209877828357,1.61404817359009e-05,7.54056627098383e-05
32.9459809464265,1.55294115542171e-05,7.52842355307896e-05
33.2742119198924,1.49419288545007e-05,7.51609058200047e-05
33.6057129605668,1.43771123894497e-05,7.50356210301972e-05
33.940516647153,1.38340773143574e-05,7.49083280850168e-05
34.2786558829265,1.33119736079352e-05,7.4778972199644e-05
34.620163898968,1.28099848057675e-05,7.46474984604357e-05
34.9650742574298,1.23273265874602e-05,7.45138505373324e-05
35.3134208548338,1.18632455198225e-05,7.43779713977248e-05
35.6652379254028,1.14170178089038e-05,7.42398019353522e-05
36.020560044425,1.09879481681868e-05,7.40992833754055e-05
36.3794221316519,1.0575368634853e-05,7.39563546816803e-05
36.7418594547298,1.01786375106751e-05,7.38109542569597e-05
37.1079076326664,9.79713833061618e-06,7.36630190542553e-05
37.4776026393308,9.43027881857138e-06,7.35124851428141e-05
37.850980806989,9.07748997966386e-06,7.33592869586353e-05
38.2280788298744,8.73822512188209e-06,7.32033573336287e-05
38.6089337677943,8.41195904607924e-06,7.30446286698077e-05
38.9935830497717,8.0981871055569e-06,7.28830310583897e-05
39.3820644777238,7.7964244664243e-06,7.27184936665601e-05
39.7744162301771,7.50620529779245e-06,7.25509441358711e-05
40.1706768660191,7.22708200011898e-06,7.23803086589849e-05
40.5708853282882,6.9586245170341e-06,7.22065117079291e-05
40.9750809480008,6.70041961510168e-06,7.20294759762883e-05
41.3833034480161,6.45207024258069e-06,7.18491229137931e-05
41.7955929469406,6.21319487900981e-06,7.16653722299305e-05
42.2119899630704,5.98342691471808e-06,7.14781410955351e-05
42.6325354183732,5.76241408016478e-06,7.12873464431547e-05
43.0572706425102,5.54981787053786e-06,7.10929018951944e-05
43.4862373768975,5.34531299082787e-06,7.08947195009798e-05
43.9194777788087,5.14858686648196e-06,7.06927099454585e-05
44.3570344255177,4.95933911218148e-06,7.04867813656292e-05
44.7989503184827,4.7772810697075e-06,7.02768396656562e-05
45.2452688875731,4.60213534055721e-06,7.00627891902516e-05
45.6960339953367,4.43363534110569e-06,6.98445315764536e-05
46.1512899413111,4.27152488259238e-06,6.9621966311249e-05
46.6110814663769,4.11555775378616e-06,6.939499040714e-05
47.0754537571546,3.96549734236565e-06,6.91634987808761e-05
47.5444524504455,3.82111624605045e-06,6.89273836021e-05
48.0181236377169,3.68219591636674e-06,6.86865344173098e-05
48.4965138696314,3.54852630693587e-06,6.84408381896753e-05
48.9796701606224,3.41990554809814e-06,6.81901793313971e-05
49.4676399935135,3.29613961557356e-06,6.79344391219529e-05
49.9604713241858,3.17704203317983e-06,6.76734959292911e-05
50.4582125862907,3.06243356699594e-06,6.74072253384647e-05
50.960912696009,2.9521419511288e-06,6.71354998762444e-05
51.4686210568595,2.84600160835975e-06,6.68581883777058e-05
51.9813875645532,2.74385338844884e-06,6.65751566886561e-05
52.4992626118971,2.64554432273049e-06,6.62862676361311e-05
53.0222970937469,2.55092737283918e-06,6.59913796187683e-05
53.5505424120083,2.45986120819613e-06,6.56903482943897e-05
54.0840504806892,2.37220997516603e-06,6.53830246426813e-05
54.6228737310007,2.28784308750375e-06,6.50692567088255e-05
55.1670651165111,2.20663502019164e-06,6.47488877431685e-05
55.7166781183488,2.12846510842253e-06,6.44217572477569e-05
56.2717667504587,2.05321736206464e-06,6.40877003638382e-05
56.8323855649108,1.98078028000189e-06,6.37465474937883e-05
57.3985896572612,1.91104667799918e-06,6.33981248692879e-05
57.970434671966,1.84391351681483e-06,6.30422536009829e-05
58.5479768078509,1.77928174221082e-06,6.26787499849831e-05
59.1312728236336,1.71705613234002e-06,6.23074252146552e-05
59.7203800435018,1.65714514211293e-06,6.19280852759557e-05
60.3153563627471,1.59946076558939e-06,6.15405304343052e-05
60.9162602534549,1.54391839593088e-06,6.11445552735067e-05
61.5231507702498,1.49043669422469e-06,6.0739948935614e-05
62.1360875561008,1.43893745887053e-06,6.03264938529534e-05
62.7551308481816,1.38934550885988e-06,5.99039662431965e-05
63.3803414837906,1.34158856166709e-06,5.94721361294071e-05
64.0117809063307,1.29559712310899e-06,5.90307661196766e-05
64.6495111713464,1.251304378773e-06,5.85796123363058e-05
65.2935949526239,1.20864608795466e-06,5.81184228146207e-05
65.9440955483488,1.16756048758785e-06,5.76469385836808e-05
66.6010768873279,1.12798819166245e-06,5.71648922319436e-05
67.2646035352718,1.08987210181355e-06,5.66720083521634e-05
67.9347407011399,1.05315731767797e-06,5.6168002589783e-05
68.6115542435489,1.01779105271767e-06,5.56525821029778e-05
69.2951106772455,9.83722550148351e-07,5.51254440989502e-05
69.9854771796423,9.50903007387681e-07,5.45862766735211e-05
70.6827215974215,9.19285496705413e-07,5.40347570260032e-05
71.3869124532004,8.88824896122902e-07,5.34705526385098e-05
72.0981189522675,8.59477817601229e-07,5.28933190410453e-05
72.8164109893827,8.31202540813689e-07,5.23027012703319e-05
73.5418591556462,8.03958947987504e-07,5.16983312993359e-05
74.2745347454369,7.77708463026287e-07,5.10798292742078e-05
75.0145097634175,7.52413990924743e-07,5.04468021014046e-05
75.7618569316125,7.28039862121397e-07,4.97988426065589e-05
76.5166496965536,7.04551776031383e-07,4.91355297559125e-05
77.2789622364986,6.81916749241559e-07,4.84564270818635e-05
78.0488694687213,6.60103064849463e-07,4.77610829017598e-05
78.8264470568735,6.39080223210059e-07,4.70490286920909e-05
79.6117714184218,6.18818895365095e-07,4.63197789373136e-05
80.4049197321573,5.99290879198431e-07,4.55728297334924e-05
81.2059699457796,5.80469054341656e-07,4.48076585816721e-05
82.015000783559,5.62327342094318e-07,4.4023722881576e-05
82.8320917540713,5.44840665752168e-07,4.32204591128356e-05
83.6573231580131,5.27984910973736e-07,4.23972820412699e-05
84.4907760960926,5.11736890697868e-07,4.15535831132165e-05
85.3325324770001,4.9607430865119e-07,4.06887293640537e-05
86.182675025458,4.80975726125752e-07,3.98020625113212e-05
87.04128729035,4.66420528893104e-07,3.88928975664735e-05
87.908453652933,4.52388896874012e-07,3.79605204555412e-05
88.7842593351285,4.38861772853655e-07,3.70041878946834e-05
89.668790407899,4.2582083492103e-07,3.60231242468831e-05
90.5621337997063,4.13248468184205e-07,3.50165214361878e-05
91.4643773050541,4.01127738396979e-07,3.39835352806043e-05
92.3756095931172,3.89442365974577e-07,3.29232845556246e-05
93.2959202164542,3.78176703059591e-07,3.18348490103417e-05
94.2253996198098,3.67315708562962e-07,3.07172658391815e-05
95.1641391490022,3.56844926267505e-07,2.95695283091724e-05
96.1122310599006,3.46750463653068e-07,2.83905826284889e-05
97.0697685274926,3.37018970758499e-07,2.71793252082222e-05
98.0368456550396,3.27637620752502e-07,2.59345992700817e-05
99.0135574833262,3.18594091253751e-07,2.46551916368235e-05
100,3.09876545688106e-07,2.33398293901222e-05
